경로,이름,확장자,크기_bytes,수정일,루트
"/home/hyun02063185/science-qbank","science-qbank",,,"2026-06-21 17:30:08","WSL_HOME"
"/home/hyun02063185/science-qbank/data","data",,,"2026-06-14 23:50:16","WSL_HOME"
"/home/hyun02063185/science-qbank/data/review","review",,,"2026-06-15 21:04:24","WSL_HOME"
"/home/hyun02063185/science-qbank/data/dify_export","dify_export",,,"2026-06-14 22:38:37","WSL_HOME"
"/home/hyun02063185/science-qbank/data/extracted","extracted",,,"2026-06-12 19:12:29","WSL_HOME"
"/home/hyun02063185/science-qbank/data/reports","reports",,,"2026-06-14 22:30:10","WSL_HOME"
"/home/hyun02063185/science-qbank/data/reports/sample_pdfs","sample_pdfs",,,"2026-06-13 19:23:09","WSL_HOME"
"/home/hyun02063185/science-qbank/data/reports/sample_pdfs/m2_solubility_pages","m2_solubility_pages",,,"2026-06-13 19:23:09","WSL_HOME"
"/home/hyun02063185/science-qbank/data/reports/sample_pdfs/m3_energy_pages","m3_energy_pages",,,"2026-06-13 19:23:08","WSL_HOME"
"/home/hyun02063185/science-qbank/data/reports/sample_pdfs/m3_sexchromosome_pages","m3_sexchromosome_pages",,,"2026-06-13 19:23:09","WSL_HOME"
"/home/hyun02063185/science-qbank/data/reports/manual_corrections","manual_corrections",,,"2026-06-14 22:30:54","WSL_HOME"
"/home/hyun02063185/science-qbank/data/reports/sample_pdfs_gate4_celldivision","sample_pdfs_gate4_celldivision",,,"2026-06-14 22:25:36","WSL_HOME"
"/home/hyun02063185/science-qbank/data/reports/sample_pdfs_m3_1","sample_pdfs_m3_1",,,"2026-06-14 09:10:06","WSL_HOME"
"/home/hyun02063185/science-qbank/data/reports/student_pdfs","student_pdfs",,,"2026-06-14 09:15:32","WSL_HOME"
"/home/hyun02063185/science-qbank/data/reports/sample_pdfs_v2","sample_pdfs_v2",,,"2026-06-13 20:55:58","WSL_HOME"
"/home/hyun02063185/science-qbank/data/reports/sample_pdfs_v2/m2_solubility_pages","m2_solubility_pages",,,"2026-06-13 20:55:57","WSL_HOME"
"/home/hyun02063185/science-qbank/data/reports/sample_pdfs_v2/m3_energy_pages","m3_energy_pages",,,"2026-06-13 20:55:57","WSL_HOME"
"/home/hyun02063185/science-qbank/data/reports/sample_pdfs_v2/m3_sexchromosome_pages","m3_sexchromosome_pages",,,"2026-06-13 20:55:58","WSL_HOME"
"/home/hyun02063185/science-qbank/data/reports/sample_pdfs_v2/m3_fertilization_pages","m3_fertilization_pages",,,"2026-06-13 20:55:58","WSL_HOME"
"/home/hyun02063185/science-qbank/data/pages","pages",,,"2026-06-14 00:31:45","WSL_HOME"
"/home/hyun02063185/science-qbank/data/images","images",,,"2026-06-14 07:06:45","WSL_HOME"
"/home/hyun02063185/science-qbank/docs","docs",,,"2026-06-21 16:47:34","WSL_HOME"
"/home/hyun02063185/science-qbank/scripts","scripts",,,"2026-06-21 17:30:01","WSL_HOME"
"/home/hyun02063185/science-qbank/scripts/archive","archive",,,"2026-06-16 20:33:23","WSL_HOME"
"/home/hyun02063185/science-qbank/db","db",,,"2026-06-20 19:42:42","WSL_HOME"
"/home/hyun02063185/nanoclaw","nanoclaw",,,"2026-09-01 10:51:03","WSL_HOME"
"/home/hyun02063185/nanoclaw/groups","groups",,,"2026-05-31 22:12:11","WSL_HOME"
"/home/hyun02063185/nanoclaw/groups/_ping-test","_ping-test",,,"2026-09-01 10:51:45","WSL_HOME"
"/home/hyun02063185/nanoclaw/groups/_ping-test/research","research",,,"2026-05-31 20:55:49","WSL_HOME"
"/home/hyun02063185/nanoclaw/groups/_ping-test/projects","projects",,,"2026-05-31 20:55:49","WSL_HOME"
"/home/hyun02063185/nanoclaw/groups/_ping-test/conversations","conversations",,,"2026-08-18 20:16:28","WSL_HOME"
"/home/hyun02063185/nanoclaw/groups/_ping-test/notes","notes",,,"2026-05-31 20:55:49","WSL_HOME"
"/home/hyun02063185/nanoclaw/groups/unnamed","unnamed",,,"2026-06-03 11:55:18","WSL_HOME"
"/home/hyun02063185/nanoclaw/groups/unnamed/conversations","conversations",,,"2026-06-03 10:25:54","WSL_HOME"
"/home/hyun02063185/nanoclaw/groups/main","main",,,"2026-05-30 18:16:58","WSL_HOME"
"/home/hyun02063185/nanoclaw/groups/dm-with-hyun02063185","dm-with-hyun02063185",,,"2026-09-01 15:48:42","WSL_HOME"
"/home/hyun02063185/nanoclaw/groups/dm-with-hyun02063185/tools","tools",,,"2026-07-11 10:16:05","WSL_HOME"
"/home/hyun02063185/nanoclaw/groups/dm-with-hyun02063185/conversations","conversations",,,"2026-08-18 20:17:58","WSL_HOME"
"/home/hyun02063185/nanoclaw/bin","bin",,,"2026-06-13 01:29:40","WSL_HOME"
"/home/hyun02063185/nanoclaw/config-examples","config-examples",,,"2026-05-30 17:18:41","WSL_HOME"
"/home/hyun02063185/nanoclaw/assets","assets",,,"2026-05-30 17:18:41","WSL_HOME"
"/home/hyun02063185/nanoclaw/container","container",,,"2026-05-30 17:20:36","WSL_HOME"
"/home/hyun02063185/nanoclaw/container/agent-runner","agent-runner",,,"2026-05-30 17:18:41","WSL_HOME"
"/home/hyun02063185/nanoclaw/container/agent-runner/scripts","scripts",,,"2026-05-30 17:18:41","WSL_HOME"
"/home/hyun02063185/nanoclaw/container/agent-runner/src","src",,,"2026-05-30 17:18:41","WSL_HOME"
"/home/hyun02063185/nanoclaw/container/agent-runner/src/scheduling","scheduling",,,"2026-05-30 17:18:41","WSL_HOME"
"/home/hyun02063185/nanoclaw/container/agent-runner/src/cli","cli",,,"2026-05-30 17:18:41","WSL_HOME"
"/home/hyun02063185/nanoclaw/container/agent-runner/src/providers","providers",,,"2026-05-30 17:18:41","WSL_HOME"
"/home/hyun02063185/nanoclaw/container/agent-runner/src/db","db",,,"2026-05-30 17:18:41","WSL_HOME"
"/home/hyun02063185/nanoclaw/container/agent-runner/src/mcp-tools","mcp-tools",,,"2026-05-30 17:18:41","WSL_HOME"
"/home/hyun02063185/nanoclaw/container/skills","skills",,,"2026-07-08 22:05:00","WSL_HOME"
"/home/hyun02063185/nanoclaw/container/skills/slack-formatting","slack-formatting",,,"2026-05-30 17:18:41","WSL_HOME"
"/home/hyun02063185/nanoclaw/container/skills/whatsapp-formatting","whatsapp-formatting",,,"2026-05-30 17:18:42","WSL_HOME"
"/home/hyun02063185/nanoclaw/container/skills/video-encoding-agent","video-encoding-agent",,,"2026-08-23 23:41:29","WSL_HOME"
"/home/hyun02063185/nanoclaw/container/skills/self-customize","self-customize",,,"2026-05-30 17:18:41","WSL_HOME"
"/home/hyun02063185/nanoclaw/container/skills/welcome","welcome",,,"2026-05-30 17:18:42","WSL_HOME"
"/home/hyun02063185/nanoclaw/container/skills/onecli-gateway","onecli-gateway",,,"2026-05-30 17:18:41","WSL_HOME"
"/home/hyun02063185/nanoclaw/container/skills/frontend-engineer","frontend-engineer",,,"2026-05-30 17:18:41","WSL_HOME"
"/home/hyun02063185/nanoclaw/container/skills/agent-browser","agent-browser",,,"2026-05-30 17:18:41","WSL_HOME"
"/home/hyun02063185/nanoclaw/container/skills/vercel-cli","vercel-cli",,,"2026-05-30 17:18:41","WSL_HOME"
"/home/hyun02063185/nanoclaw/data","data",,,"2026-09-03 23:22:11","WSL_HOME"
"/home/hyun02063185/nanoclaw/data/env","env",,,"2026-05-31 21:10:38","WSL_HOME"
"/home/hyun02063185/nanoclaw/data/v2-sessions","v2-sessions",,,"2026-05-31 22:12:11","WSL_HOME"
"/home/hyun02063185/nanoclaw/data/v2-sessions/ag-1780229884120-6d49j8","ag-1780229884120-6d49j8",,,"2026-05-31 22:26:51","WSL_HOME"
"/home/hyun02063185/nanoclaw/data/v2-sessions/ag-1780229884120-6d49j8/sess-1780229884125-fnzhxc","sess-1780229884125-fnzhxc",,,"2026-07-09 10:39:48","WSL_HOME"
"/home/hyun02063185/nanoclaw/data/v2-sessions/ag-1780229884120-6d49j8/sess-1780229884125-fnzhxc/outbox","outbox",,,"2026-05-31 21:18:04","WSL_HOME"
"/home/hyun02063185/nanoclaw/data/v2-sessions/ag-1780229884120-6d49j8/sess-1780229884125-fnzhxc/group","group",,,"2026-05-31 21:18:04","WSL_HOME"
"/home/hyun02063185/nanoclaw/data/v2-sessions/ag-1780229884120-6d49j8/sess-1780229884125-fnzhxc/extra","extra",,,"2026-07-09 10:39:36","WSL_HOME"
"/home/hyun02063185/nanoclaw/data/v2-sessions/ag-1780229884120-6d49j8/sess-1780229884125-fnzhxc/agent","agent",,,"2026-05-31 21:18:04","WSL_HOME"
"/home/hyun02063185/nanoclaw/data/v2-sessions/ag-1780229884120-6d49j8/sess-1780234011478-wf4204","sess-1780234011478-wf4204",,,"2026-09-01 16:10:31","WSL_HOME"
"/home/hyun02063185/nanoclaw/data/v2-sessions/ag-1780229884120-6d49j8/sess-1780234011478-wf4204/outbox","outbox",,,"2026-09-01 16:10:27","WSL_HOME"
"/home/hyun02063185/nanoclaw/data/v2-sessions/ag-1780229884120-6d49j8/sess-1780234011478-wf4204/group","group",,,"2026-05-31 22:26:51","WSL_HOME"
"/home/hyun02063185/nanoclaw/data/v2-sessions/ag-1780229884120-6d49j8/sess-1780234011478-wf4204/extra","extra",,,"2026-07-09 23:45:00","WSL_HOME"
"/home/hyun02063185/nanoclaw/data/v2-sessions/ag-1780229884120-6d49j8/sess-1780234011478-wf4204/agent","agent",,,"2026-05-31 22:26:51","WSL_HOME"
"/home/hyun02063185/nanoclaw/data/v2-sessions/ag-1780233131685-dbe9tt","ag-1780233131685-dbe9tt",,,"2026-05-31 22:12:11","WSL_HOME"
"/home/hyun02063185/nanoclaw/data/v2-sessions/ag-1780233131685-dbe9tt/sess-1780233131688-los6rd","sess-1780233131688-los6rd",,,"2026-06-03 11:55:39","WSL_HOME"
"/home/hyun02063185/nanoclaw/data/v2-sessions/ag-1780233131685-dbe9tt/sess-1780233131688-los6rd/outbox","outbox",,,"2026-06-02 10:33:57","WSL_HOME"
"/home/hyun02063185/nanoclaw/data/v2-sessions/ag-1780233131685-dbe9tt/sess-1780233131688-los6rd/group","group",,,"2026-05-31 22:12:11","WSL_HOME"
"/home/hyun02063185/nanoclaw/data/v2-sessions/ag-1780233131685-dbe9tt/sess-1780233131688-los6rd/extra","extra",,,"2026-06-03 00:54:27","WSL_HOME"
"/home/hyun02063185/nanoclaw/data/v2-sessions/ag-1780233131685-dbe9tt/sess-1780233131688-los6rd/agent","agent",,,"2026-05-31 22:12:11","WSL_HOME"
"/home/hyun02063185/nanoclaw/data/v2-sessions/ag-1780132622955-wyunvg","ag-1780132622955-wyunvg",,,"2026-05-31 18:18:48","WSL_HOME"
"/home/hyun02063185/nanoclaw/data/v2-sessions/ag-1780132622955-wyunvg/sess-1780137773691-j3ptfr","sess-1780137773691-j3ptfr",,,"2026-09-01 18:24:43","WSL_HOME"
"/home/hyun02063185/nanoclaw/data/v2-sessions/ag-1780132622955-wyunvg/sess-1780137773691-j3ptfr/outbox","outbox",,,"2026-05-30 19:42:53","WSL_HOME"
"/home/hyun02063185/nanoclaw/data/v2-sessions/ag-1780132622955-wyunvg/sess-1780137773691-j3ptfr/group","group",,,"2026-05-30 19:42:54","WSL_HOME"
"/home/hyun02063185/nanoclaw/data/v2-sessions/ag-1780132622955-wyunvg/sess-1780137773691-j3ptfr/extra","extra",,,"2026-06-03 00:53:28","WSL_HOME"
"/home/hyun02063185/nanoclaw/data/v2-sessions/ag-1780132622955-wyunvg/sess-1780137773691-j3ptfr/agent","agent",,,"2026-05-30 19:42:53","WSL_HOME"
"/home/hyun02063185/nanoclaw/data/v2-sessions/ag-1780132622955-wyunvg/sess-1780218258904-qgn28i","sess-1780218258904-qgn28i",,,"2026-05-31 18:55:52","WSL_HOME"
"/home/hyun02063185/nanoclaw/data/v2-sessions/ag-1780132622955-wyunvg/sess-1780218258904-qgn28i/outbox","outbox",,,"2026-05-31 18:04:18","WSL_HOME"
"/home/hyun02063185/nanoclaw/data/v2-sessions/ag-1780132622955-wyunvg/sess-1780218258904-qgn28i/group","group",,,"2026-05-31 18:04:19","WSL_HOME"
"/home/hyun02063185/nanoclaw/data/v2-sessions/ag-1780132622955-wyunvg/sess-1780218258904-qgn28i/agent","agent",,,"2026-05-31 18:04:19","WSL_HOME"
"/home/hyun02063185/nanoclaw/data/v2-sessions/ag-1780132622955-wyunvg/sess-1780219128252-aawsdv","sess-1780219128252-aawsdv",,,"2026-05-31 21:40:32","WSL_HOME"
"/home/hyun02063185/nanoclaw/data/v2-sessions/ag-1780132622955-wyunvg/sess-1780219128252-aawsdv/outbox","outbox",,,"2026-05-31 18:18:48","WSL_HOME"
"/home/hyun02063185/nanoclaw/data/v2-sessions/ag-1780132622955-wyunvg/sess-1780219128252-aawsdv/group","group",,,"2026-05-31 18:18:48","WSL_HOME"
"/home/hyun02063185/nanoclaw/data/v2-sessions/ag-1780132622955-wyunvg/sess-1780219128252-aawsdv/agent","agent",,,"2026-05-31 18:18:48","WSL_HOME"
"/home/hyun02063185/nanoclaw/setup","setup",,,"2026-05-30 17:20:36","WSL_HOME"
"/home/hyun02063185/nanoclaw/setup/lib","lib",,,"2026-05-30 17:20:36","WSL_HOME"
"/home/hyun02063185/nanoclaw/setup/channels","channels",,,"2026-05-30 17:18:42","WSL_HOME"
"/home/hyun02063185/nanoclaw/setup/migrate-v2","migrate-v2",,,"2026-05-30 17:18:42","WSL_HOME"
"/home/hyun02063185/nanoclaw/docs","docs",,,"2026-07-08 17:23:41","WSL_HOME"
"/home/hyun02063185/nanoclaw/docs/video-encoding-agent","video-encoding-agent",,,"2026-07-12 21:57:46","WSL_HOME"
"/home/hyun02063185/nanoclaw/docs/agentization","agentization",,,"2026-07-08 17:23:41","WSL_HOME"
"/home/hyun02063185/nanoclaw/scripts","scripts",,,"2026-07-19 22:26:00","WSL_HOME"
"/home/hyun02063185/nanoclaw/logs","logs",,,"2026-09-01 10:39:34","WSL_HOME"
"/home/hyun02063185/nanoclaw/logs/setup-steps","setup-steps",,,"2026-09-01 10:51:13","WSL_HOME"
"/home/hyun02063185/nanoclaw/src","src",,,"2026-07-08 21:34:45","WSL_HOME"
"/home/hyun02063185/nanoclaw/src/channels","channels",,,"2026-07-19 22:26:00","WSL_HOME"
"/home/hyun02063185/nanoclaw/src/cli","cli",,,"2026-07-08 21:34:45","WSL_HOME"
"/home/hyun02063185/nanoclaw/src/cli/commands","commands",,,"2026-07-08 21:34:45","WSL_HOME"
"/home/hyun02063185/nanoclaw/src/cli/resources","resources",,,"2026-07-08 21:34:45","WSL_HOME"
"/home/hyun02063185/nanoclaw/src/modules","modules",,,"2026-07-08 22:04:59","WSL_HOME"
"/home/hyun02063185/nanoclaw/src/modules/interactive","interactive",,,"2026-07-08 21:34:45","WSL_HOME"
"/home/hyun02063185/nanoclaw/src/modules/video-encoding","video-encoding",,,"2026-09-02 16:36:35","WSL_HOME"
"/home/hyun02063185/nanoclaw/src/modules/video-encoding/runner","runner",,,"2026-08-23 23:39:20","WSL_HOME"
"/home/hyun02063185/nanoclaw/src/modules/typing","typing",,,"2026-07-08 21:34:45","WSL_HOME"
"/home/hyun02063185/nanoclaw/src/modules/agent-to-agent","agent-to-agent",,,"2026-07-08 21:34:45","WSL_HOME"
"/home/hyun02063185/nanoclaw/src/modules/agent-to-agent/db","db",,,"2026-07-08 21:34:45","WSL_HOME"
"/home/hyun02063185/nanoclaw/src/modules/scheduling","scheduling",,,"2026-07-08 21:34:45","WSL_HOME"
"/home/hyun02063185/nanoclaw/src/modules/permissions","permissions",,,"2026-07-08 21:34:45","WSL_HOME"
"/home/hyun02063185/nanoclaw/src/modules/permissions/db","db",,,"2026-07-08 21:34:45","WSL_HOME"
"/home/hyun02063185/nanoclaw/src/modules/self-mod","self-mod",,,"2026-07-08 21:34:45","WSL_HOME"
"/home/hyun02063185/nanoclaw/src/modules/mount-security","mount-security",,,"2026-07-08 21:34:45","WSL_HOME"
"/home/hyun02063185/nanoclaw/src/modules/approvals","approvals",,,"2026-07-08 21:34:45","WSL_HOME"
"/home/hyun02063185/nanoclaw/src/providers","providers",,,"2026-07-08 21:34:45","WSL_HOME"
"/home/hyun02063185/nanoclaw/src/db","db",,,"2026-07-08 21:34:45","WSL_HOME"
"/home/hyun02063185/nanoclaw/src/db/migrations","migrations",,,"2026-07-08 21:34:45","WSL_HOME"
"/home/hyun02063185/nanoclaw/launchd","launchd",,,"2026-05-30 17:18:42","WSL_HOME"
"/home/hyun02063185/nanoclaw/repo-tokens","repo-tokens",,,"2026-05-30 17:18:41","WSL_HOME"
"/home/hyun02063185/nanoclaw/repo-tokens/examples","examples",,,"2026-05-30 17:18:41","WSL_HOME"
"/home/hyun02063185/crewai","crewai",,,"2026-06-09 22:11:36","WSL_HOME"
"/home/hyun02063185/inventory_output","inventory_output",,,"2026-09-03 23:22:14","WSL_HOME"
"/home/hyun02063185/science-qbank-v2","science-qbank-v2",,,"2026-07-25 17:44:31","WSL_HOME"
"/home/hyun02063185/science-qbank-v2/corrections","corrections",,,"2026-07-24 20:05:32","WSL_HOME"
"/home/hyun02063185/science-qbank-v2/pipeline","pipeline",,,"2026-07-25 18:13:43","WSL_HOME"
"/home/hyun02063185/science-qbank-v2/assets","assets",,,"2026-06-21 19:08:51","WSL_HOME"
"/home/hyun02063185/science-qbank-v2/assets/png","png",,,"2026-07-24 20:02:43","WSL_HOME"
"/home/hyun02063185/science-qbank-v2/assets/pdf","pdf",,,"2026-07-24 20:02:43","WSL_HOME"
"/home/hyun02063185/science-qbank-v2/work","work",,,"2026-07-20 16:22:12","WSL_HOME"
"/home/hyun02063185/science-qbank-v2/work/crop_hybrid","crop_hybrid",,,"2026-06-25 22:14:46","WSL_HOME"
"/home/hyun02063185/science-qbank-v2/work/crop_hybrid/debug","debug",,,"2026-06-25 22:20:59","WSL_HOME"
"/home/hyun02063185/science-qbank-v2/work/auto_detect_test","auto_detect_test",,,"2026-06-22 20:35:57","WSL_HOME"
"/home/hyun02063185/science-qbank-v2/work/thumbs","thumbs",,,"2026-06-22 19:47:30","WSL_HOME"
"/home/hyun02063185/science-qbank-v2/work/review","review",,,"2026-07-10 21:13:22","WSL_HOME"
"/home/hyun02063185/science-qbank-v2/work/review/H1S2","H1S2",,,"2026-07-11 00:29:33","WSL_HOME"
"/home/hyun02063185/science-qbank-v2/work/review/H1S2/overlays","overlays",,,"2026-07-10 23:26:23","WSL_HOME"
"/home/hyun02063185/science-qbank-v2/work/review/H1S2/final_overlays","final_overlays",,,"2026-07-11 00:29:33","WSL_HOME"
"/home/hyun02063185/science-qbank-v2/work/review/H1S2/pages","pages",,,"2026-07-10 21:14:01","WSL_HOME"
"/home/hyun02063185/science-qbank-v2/work/review/H1S1","H1S1",,,"2026-07-09 23:41:56","WSL_HOME"
"/home/hyun02063185/science-qbank-v2/work/review/H1S1/overlays","overlays",,,"2026-07-09 22:27:41","WSL_HOME"
"/home/hyun02063185/science-qbank-v2/work/review/H1S1/pages","pages",,,"2026-07-09 22:27:41","WSL_HOME"
"/home/hyun02063185/science-qbank-v2/work/manual_crop","manual_crop",,,"2026-07-24 11:38:15","WSL_HOME"
"/home/hyun02063185/science-qbank-v2/work/manual_crop/하이탑_통합과학1","하이탑_통합과학1",,,"2026-07-20 22:14:34","WSL_HOME"
"/home/hyun02063185/science-qbank-v2/work/manual_crop/하이탑_통합과학1/pages","pages",,,"2026-07-20 16:26:51","WSL_HOME"
"/home/hyun02063185/science-qbank-v2/work/manual_crop/EBS_통합과학1","EBS_통합과학1",,,"2026-07-22 20:59:58","WSL_HOME"
"/home/hyun02063185/science-qbank-v2/work/manual_crop/EBS_통합과학1/pages","pages",,,"2026-07-22 21:01:28","WSL_HOME"
"/home/hyun02063185/science-qbank-v2/work/manual_crop/완자기출Pick_실전대비","완자기출Pick_실전대비",,,"2026-07-21 13:08:21","WSL_HOME"
"/home/hyun02063185/science-qbank-v2/work/manual_crop/완자기출Pick_실전대비/pages","pages",,,"2026-07-21 13:04:59","WSL_HOME"
"/home/hyun02063185/science-qbank-v2/work/manual_crop/EBSMH","EBSMH",,,"2026-07-24 19:53:19","WSL_HOME"
"/home/hyun02063185/science-qbank-v2/work/manual_crop/EBSMH/pages","pages",,,"2026-07-24 11:40:51","WSL_HOME"
"/home/hyun02063185/science-qbank-v2/work/manual_crop/완자기출Pick_통합과학1","완자기출Pick_통합과학1",,,"2026-07-20 17:05:11","WSL_HOME"
"/home/hyun02063185/science-qbank-v2/work/manual_crop/완자기출Pick_통합과학1/pages","pages",,,"2026-07-20 16:28:23","WSL_HOME"
"/home/hyun02063185/science-qbank-v2/work/crop_gpt","crop_gpt",,,"2026-06-27 17:28:12","WSL_HOME"
"/home/hyun02063185/science-qbank-v2/work/crop_gpt/debug_drift","debug_drift",,,"2026-06-27 17:28:23","WSL_HOME"
"/home/hyun02063185/science-qbank-v2/work/crop_gpt/raw","raw",,,"2026-07-24 11:47:40","WSL_HOME"
"/home/hyun02063185/science-qbank-v2/work/crop_gpt/raw/H1S2_terra","H1S2_terra",,,"2026-07-20 22:15:55","WSL_HOME"
"/home/hyun02063185/science-qbank-v2/work/crop_gpt/raw/EBSI","EBSI",,,"2026-07-22 21:28:24","WSL_HOME"
"/home/hyun02063185/science-qbank-v2/work/crop_gpt/raw/H1S2","H1S2",,,"2026-07-10 23:21:41","WSL_HOME"
"/home/hyun02063185/science-qbank-v2/work/crop_gpt/raw/M3S2","M3S2",,,"2026-07-04 17:07:07","WSL_HOME"
"/home/hyun02063185/science-qbank-v2/work/crop_gpt/raw/WGPF","WGPF",,,"2026-07-21 14:05:10","WSL_HOME"
"/home/hyun02063185/science-qbank-v2/work/crop_gpt/raw/EBSMH","EBSMH",,,"2026-07-24 17:55:56","WSL_HOME"
"/home/hyun02063185/science-qbank-v2/work/crop_gpt/raw/H1S2_fable","H1S2_fable",,,"2026-07-10 22:15:37","WSL_HOME"
"/home/hyun02063185/science-qbank-v2/work/crop_gpt/raw/M3","M3",,,"2026-07-04 10:19:57","WSL_HOME"
"/home/hyun02063185/science-qbank-v2/work/crop_gpt/raw/H1S1","H1S1",,,"2026-07-09 20:08:10","WSL_HOME"
"/home/hyun02063185/science-qbank-v2/work/crop_gpt/raw/HTOP","HTOP",,,"2026-07-20 23:03:51","WSL_HOME"
"/home/hyun02063185/science-qbank-v2/work/crop_gpt/debug_leak","debug_leak",,,"2026-06-27 17:08:31","WSL_HOME"
"/home/hyun02063185/science-qbank-v2/work/crop_gpt/debug_full","debug_full",,,"2026-06-27 17:03:38","WSL_HOME"
"/home/hyun02063185/science-qbank-v2/work/crop_gpt/debug3","debug3",,,"2026-06-26 21:49:03","WSL_HOME"
"/home/hyun02063185/science-qbank-v2/work/crop_gpt/pages","pages",,,"2026-06-26 20:30:55","WSL_HOME"
"/home/hyun02063185/science-qbank-v2/work/crop_gpt/debug","debug",,,"2026-06-26 20:33:39","WSL_HOME"
"/home/hyun02063185/science-qbank-v2/work/crop_gpt/debug2","debug2",,,"2026-06-26 21:26:31","WSL_HOME"
"/home/hyun02063185/science-qbank-v2/work/export","export",,,"2026-07-11 09:48:23","WSL_HOME"
"/home/hyun02063185/science-qbank-v2/work/verify","verify",,,"2026-07-25 17:30:48","WSL_HOME"
"/home/hyun02063185/science-qbank-v2/work/verify/pre_u02_reextract_backup_20260701-214758","pre_u02_reextract_backup_20260701-214758",,,"2026-07-01 21:47:59","WSL_HOME"
"/home/hyun02063185/science-qbank-v2/work/verify/dpi_test","dpi_test",,,"2026-06-21 23:32:26","WSL_HOME"
"/home/hyun02063185/science-qbank-v2/work/verify/pre_rule_a_fix_backup_20260701-201738","pre_rule_a_fix_backup_20260701-201738",,,"2026-07-01 20:17:39","WSL_HOME"
"/home/hyun02063185/science-qbank-v2/work/verify/u02_rest_review_png","u02_rest_review_png",,,"2026-07-01 20:18:52","WSL_HOME"
"/home/hyun02063185/science-qbank-v2/work/verify/u01_preview","u01_preview",,,"2026-06-24 13:52:53","WSL_HOME"
"/home/hyun02063185/science-qbank-v2/work/crop_auto_test","crop_auto_test",,,"2026-07-24 17:51:32","WSL_HOME"
"/home/hyun02063185/science-qbank-v2/work/crop_auto_test/H1S2_terra","H1S2_terra",,,"2026-07-20 22:15:56","WSL_HOME"
"/home/hyun02063185/science-qbank-v2/work/crop_auto_test/EBSI","EBSI",,,"2026-07-22 21:28:25","WSL_HOME"
"/home/hyun02063185/science-qbank-v2/work/crop_auto_test/H1S2","H1S2",,,"2026-07-10 23:21:42","WSL_HOME"
"/home/hyun02063185/science-qbank-v2/work/crop_auto_test/M3S2","M3S2",,,"2026-07-04 17:09:29","WSL_HOME"
"/home/hyun02063185/science-qbank-v2/work/crop_auto_test/WGPF","WGPF",,,"2026-07-21 14:05:10","WSL_HOME"
"/home/hyun02063185/science-qbank-v2/work/crop_auto_test/EBSMH","EBSMH",,,"2026-07-24 12:17:02","WSL_HOME"
"/home/hyun02063185/science-qbank-v2/work/crop_auto_test/H1S2_fable","H1S2_fable",,,"2026-07-10 22:16:12","WSL_HOME"
"/home/hyun02063185/science-qbank-v2/work/crop_auto_test/H1S1","H1S1",,,"2026-07-09 20:08:10","WSL_HOME"
"/home/hyun02063185/science-qbank-v2/work/crop_auto_test/EBSMH_fable","EBSMH_fable",,,"2026-07-24 17:53:47","WSL_HOME"
"/home/hyun02063185/science-qbank-v2/work/crop_auto_test/HTOP","HTOP",,,"2026-07-20 23:03:51","WSL_HOME"
"/home/hyun02063185/science-qbank-v2/work/deprecated","deprecated",,,"2026-06-21 22:34:34","WSL_HOME"
"/home/hyun02063185/science-qbank-v2/work/deprecated/diag_auto","diag_auto",,,"2026-06-21 22:23:11","WSL_HOME"
"/home/hyun02063185/science-qbank-v2/work/debug","debug",,,"2026-07-03 21:33:24","WSL_HOME"
"/home/hyun02063185/science-qbank-v2/work/debug/dryrun_diff","dryrun_diff",,,"2026-06-29 22:13:10","WSL_HOME"
"/home/hyun02063185/science-qbank-v2/work/debug/u02_reextract_review","u02_reextract_review",,,"2026-07-01 22:07:02","WSL_HOME"
"/home/hyun02063185/science-qbank-v2/work/debug/bundle_check","bundle_check",,,"2026-06-29 22:27:45","WSL_HOME"
"/home/hyun02063185/science-qbank-v2/work/debug/rule_a_dryrun","rule_a_dryrun",,,"2026-07-01 20:20:37","WSL_HOME"
"/home/hyun02063185/science-qbank-v2/work/label","label",,,"2026-07-10 21:02:44","WSL_HOME"
"/home/hyun02063185/science-qbank-v2/work/label/H1S2","H1S2",,,"2026-07-10 21:03:55","WSL_HOME"
"/home/hyun02063185/science-qbank-v2/work/label/M3S2","M3S2",,,"2026-07-04 15:04:18","WSL_HOME"
"/home/hyun02063185/science-qbank-v2/work/label/H1S1","H1S1",,,"2026-07-09 19:29:47","WSL_HOME"
"/home/hyun02063185/science-qbank-v2/work/crop_measure","crop_measure",,,"2026-06-23 19:28:31","WSL_HOME"
"/home/hyun02063185/science-qbank-v2/work/crop_measure/grid","grid",,,"2026-06-23 19:20:33","WSL_HOME"
"/home/hyun02063185/science-qbank-v2/work/crop_measure/grid_split","grid_split",,,"2026-06-23 19:21:11","WSL_HOME"
"/home/hyun02063185/science-qbank-v2/work/crop_measure/auto","auto",,,"2026-06-23 19:28:31","WSL_HOME"
"/home/hyun02063185/science-qbank-v2/work/crop_opencv","crop_opencv",,,"2026-06-23 20:32:15","WSL_HOME"
"/home/hyun02063185/science-qbank-v2/work/crop_opencv/debug","debug",,,"2026-06-23 20:32:15","WSL_HOME"
"/home/hyun02063185/science-qbank-v2/work/review_png","review_png",,,"2026-06-27 18:29:27","WSL_HOME"
"/home/hyun02063185/science-qbank-v2/docs","docs",,,"2026-07-25 18:14:55","WSL_HOME"
"/home/hyun02063185/science-qbank-v2/scripts","scripts",,,"2026-07-24 17:51:18","WSL_HOME"
"/home/hyun02063185/science-qbank-v2/db","db",,,"2026-07-24 20:05:44","WSL_HOME"
"/home/hyun02063185/dify","dify",,,"2026-06-05 22:38:28","WSL_HOME"
"/home/hyun02063185/dify/api","api",,,"2026-06-04 22:03:04","WSL_HOME"
"/home/hyun02063185/dify/api/tests","tests",,,"2026-06-04 22:03:04","WSL_HOME"
"/home/hyun02063185/dify/api/tests/helpers","helpers",,,"2026-06-04 22:03:03","WSL_HOME"
"/home/hyun02063185/dify/api/tests/test_containers_integration_tests","test_containers_integration_tests",,,"2026-06-04 22:03:03","WSL_HOME"
"/home/hyun02063185/dify/api/tests/test_containers_integration_tests/commands","commands",,,"2026-06-04 22:03:03","WSL_HOME"
"/home/hyun02063185/dify/api/tests/test_containers_integration_tests/helpers","helpers",,,"2026-06-04 22:03:03","WSL_HOME"
"/home/hyun02063185/dify/api/tests/test_containers_integration_tests/controllers","controllers",,,"2026-06-04 22:03:03","WSL_HOME"
"/home/hyun02063185/dify/api/tests/test_containers_integration_tests/controllers/service_api","service_api",,,"2026-06-04 22:03:03","WSL_HOME"
"/home/hyun02063185/dify/api/tests/test_containers_integration_tests/controllers/mcp","mcp",,,"2026-06-04 22:03:03","WSL_HOME"
"/home/hyun02063185/dify/api/tests/test_containers_integration_tests/controllers/console","console",,,"2026-06-04 22:03:03","WSL_HOME"
"/home/hyun02063185/dify/api/tests/test_containers_integration_tests/controllers/web","web",,,"2026-06-04 22:03:03","WSL_HOME"
"/home/hyun02063185/dify/api/tests/test_containers_integration_tests/factories","factories",,,"2026-06-04 22:03:03","WSL_HOME"
"/home/hyun02063185/dify/api/tests/test_containers_integration_tests/services","services",,,"2026-06-04 22:03:03","WSL_HOME"
"/home/hyun02063185/dify/api/tests/test_containers_integration_tests/services/recommend_app","recommend_app",,,"2026-06-04 22:03:03","WSL_HOME"
"/home/hyun02063185/dify/api/tests/test_containers_integration_tests/services/rag_pipeline","rag_pipeline",,,"2026-06-04 22:03:03","WSL_HOME"
"/home/hyun02063185/dify/api/tests/test_containers_integration_tests/services/tools","tools",,,"2026-06-04 22:03:03","WSL_HOME"
"/home/hyun02063185/dify/api/tests/test_containers_integration_tests/services/workflow","workflow",,,"2026-06-04 22:03:03","WSL_HOME"
"/home/hyun02063185/dify/api/tests/test_containers_integration_tests/services/enterprise","enterprise",,,"2026-06-04 22:03:03","WSL_HOME"
"/home/hyun02063185/dify/api/tests/test_containers_integration_tests/services/plugin","plugin",,,"2026-06-04 22:03:03","WSL_HOME"
"/home/hyun02063185/dify/api/tests/test_containers_integration_tests/services/auth","auth",,,"2026-06-04 22:03:03","WSL_HOME"
"/home/hyun02063185/dify/api/tests/test_containers_integration_tests/tasks","tasks",,,"2026-06-04 22:03:03","WSL_HOME"
"/home/hyun02063185/dify/api/tests/test_containers_integration_tests/repositories","repositories",,,"2026-06-04 22:03:03","WSL_HOME"
"/home/hyun02063185/dify/api/tests/test_containers_integration_tests/workflow","workflow",,,"2026-06-04 22:03:03","WSL_HOME"
"/home/hyun02063185/dify/api/tests/test_containers_integration_tests/workflow/nodes","nodes",,,"2026-06-04 22:03:03","WSL_HOME"
"/home/hyun02063185/dify/api/tests/test_containers_integration_tests/libs","libs",,,"2026-06-04 22:03:03","WSL_HOME"
"/home/hyun02063185/dify/api/tests/test_containers_integration_tests/libs/broadcast_channel","broadcast_channel",,,"2026-06-04 22:03:03","WSL_HOME"
"/home/hyun02063185/dify/api/tests/test_containers_integration_tests/trigger","trigger",,,"2026-06-04 22:03:03","WSL_HOME"
"/home/hyun02063185/dify/api/tests/test_containers_integration_tests/models","models",,,"2026-06-04 22:03:03","WSL_HOME"
"/home/hyun02063185/dify/api/tests/test_containers_integration_tests/core","core",,,"2026-06-04 22:03:03","WSL_HOME"
"/home/hyun02063185/dify/api/tests/test_containers_integration_tests/core/rag","rag",,,"2026-06-04 22:03:03","WSL_HOME"
"/home/hyun02063185/dify/api/tests/test_containers_integration_tests/core/app","app",,,"2026-06-04 22:03:03","WSL_HOME"
"/home/hyun02063185/dify/api/tests/test_containers_integration_tests/core/repositories","repositories",,,"2026-06-04 22:03:03","WSL_HOME"
"/home/hyun02063185/dify/api/tests/test_containers_integration_tests/core/workflow","workflow",,,"2026-06-04 22:03:03","WSL_HOME"
"/home/hyun02063185/dify/api/tests/unit_tests","unit_tests",,,"2026-06-04 22:03:04","WSL_HOME"
"/home/hyun02063185/dify/api/tests/unit_tests/enums","enums",,,"2026-06-04 22:03:03","WSL_HOME"
"/home/hyun02063185/dify/api/tests/unit_tests/commands","commands",,,"2026-06-04 22:03:03","WSL_HOME"
"/home/hyun02063185/dify/api/tests/unit_tests/controllers","controllers",,,"2026-06-04 22:03:03","WSL_HOME"
"/home/hyun02063185/dify/api/tests/unit_tests/controllers/files","files",,,"2026-06-04 22:03:03","WSL_HOME"
"/home/hyun02063185/dify/api/tests/unit_tests/controllers/service_api","service_api",,,"2026-06-04 22:03:03","WSL_HOME"
"/home/hyun02063185/dify/api/tests/unit_tests/controllers/inner_api","inner_api",,,"2026-06-04 22:03:03","WSL_HOME"
"/home/hyun02063185/dify/api/tests/unit_tests/controllers/console","console",,,"2026-06-04 22:03:03","WSL_HOME"
"/home/hyun02063185/dify/api/tests/unit_tests/controllers/openapi","openapi",,,"2026-06-04 22:03:03","WSL_HOME"
"/home/hyun02063185/dify/api/tests/unit_tests/controllers/common","common",,,"2026-06-04 22:03:03","WSL_HOME"
"/home/hyun02063185/dify/api/tests/unit_tests/controllers/trigger","trigger",,,"2026-06-04 22:03:03","WSL_HOME"
"/home/hyun02063185/dify/api/tests/unit_tests/controllers/web","web",,,"2026-06-04 22:03:03","WSL_HOME"
"/home/hyun02063185/dify/api/tests/unit_tests/factories","factories",,,"2026-06-04 22:03:03","WSL_HOME"
"/home/hyun02063185/dify/api/tests/unit_tests/fields","fields",,,"2026-06-04 22:03:03","WSL_HOME"
"/home/hyun02063185/dify/api/tests/unit_tests/utils","utils",,,"2026-06-04 22:03:04","WSL_HOME"
"/home/hyun02063185/dify/api/tests/unit_tests/utils/encryption","encryption",,,"2026-06-04 22:03:04","WSL_HOME"
"/home/hyun02063185/dify/api/tests/unit_tests/utils/http_parser","http_parser",,,"2026-06-04 22:03:04","WSL_HOME"
"/home/hyun02063185/dify/api/tests/unit_tests/utils/structured_output_parser","structured_output_parser",,,"2026-06-04 22:03:04","WSL_HOME"
"/home/hyun02063185/dify/api/tests/unit_tests/utils/yaml","yaml",,,"2026-06-04 22:03:04","WSL_HOME"
"/home/hyun02063185/dify/api/tests/unit_tests/utils/position_helper","position_helper",,,"2026-06-04 22:03:04","WSL_HOME"
"/home/hyun02063185/dify/api/tests/unit_tests/services","services",,,"2026-06-04 22:03:04","WSL_HOME"
"/home/hyun02063185/dify/api/tests/unit_tests/services/recommend_app","recommend_app",,,"2026-06-04 22:03:04","WSL_HOME"
"/home/hyun02063185/dify/api/tests/unit_tests/services/rag_pipeline","rag_pipeline",,,"2026-06-04 22:03:04","WSL_HOME"
"/home/hyun02063185/dify/api/tests/unit_tests/services/retention","retention",,,"2026-06-04 22:03:04","WSL_HOME"
"/home/hyun02063185/dify/api/tests/unit_tests/services/data_migration","data_migration",,,"2026-06-04 22:03:03","WSL_HOME"
"/home/hyun02063185/dify/api/tests/unit_tests/services/openapi","openapi",,,"2026-06-04 22:03:03","WSL_HOME"
"/home/hyun02063185/dify/api/tests/unit_tests/services/tools","tools",,,"2026-06-04 22:03:04","WSL_HOME"
"/home/hyun02063185/dify/api/tests/unit_tests/services/workflow","workflow",,,"2026-06-04 22:03:04","WSL_HOME"
"/home/hyun02063185/dify/api/tests/unit_tests/services/agent","agent",,,"2026-06-04 22:03:03","WSL_HOME"
"/home/hyun02063185/dify/api/tests/unit_tests/services/enterprise","enterprise",,,"2026-06-04 22:03:03","WSL_HOME"
"/home/hyun02063185/dify/api/tests/unit_tests/services/plugin","plugin",,,"2026-06-04 22:03:04","WSL_HOME"
"/home/hyun02063185/dify/api/tests/unit_tests/services/auth","auth",,,"2026-06-04 22:03:03","WSL_HOME"
"/home/hyun02063185/dify/api/tests/unit_tests/events","events",,,"2026-06-04 22:03:03","WSL_HOME"
"/home/hyun02063185/dify/api/tests/unit_tests/events/event_handlers","event_handlers",,,"2026-06-04 22:03:03","WSL_HOME"
"/home/hyun02063185/dify/api/tests/unit_tests/tasks","tasks",,,"2026-06-04 22:03:04","WSL_HOME"
"/home/hyun02063185/dify/api/tests/unit_tests/repositories","repositories",,,"2026-06-04 22:03:03","WSL_HOME"
"/home/hyun02063185/dify/api/tests/unit_tests/tools","tools",,,"2026-06-04 22:03:04","WSL_HOME"
"/home/hyun02063185/dify/api/tests/unit_tests/libs","libs",,,"2026-06-04 22:03:03","WSL_HOME"
"/home/hyun02063185/dify/api/tests/unit_tests/libs/broadcast_channel","broadcast_channel",,,"2026-06-04 22:03:03","WSL_HOME"
"/home/hyun02063185/dify/api/tests/unit_tests/libs/_human_input","_human_input",,,"2026-06-04 22:03:03","WSL_HOME"
"/home/hyun02063185/dify/api/tests/unit_tests/extensions","extensions",,,"2026-06-04 22:03:03","WSL_HOME"
"/home/hyun02063185/dify/api/tests/unit_tests/extensions/storage","storage",,,"2026-06-04 22:03:03","WSL_HOME"
"/home/hyun02063185/dify/api/tests/unit_tests/extensions/logstore","logstore",,,"2026-06-04 22:03:03","WSL_HOME"
"/home/hyun02063185/dify/api/tests/unit_tests/extensions/otel","otel",,,"2026-06-04 22:03:03","WSL_HOME"
"/home/hyun02063185/dify/api/tests/unit_tests/enterprise","enterprise",,,"2026-06-04 22:03:03","WSL_HOME"
"/home/hyun02063185/dify/api/tests/unit_tests/enterprise/telemetry","telemetry",,,"2026-06-04 22:03:03","WSL_HOME"
"/home/hyun02063185/dify/api/tests/unit_tests/configs","configs",,,"2026-06-04 22:03:03","WSL_HOME"
"/home/hyun02063185/dify/api/tests/unit_tests/oss","oss",,,"2026-06-04 22:03:03","WSL_HOME"
"/home/hyun02063185/dify/api/tests/unit_tests/oss/opendal","opendal",,,"2026-06-04 22:03:03","WSL_HOME"
"/home/hyun02063185/dify/api/tests/unit_tests/oss/volcengine_tos","volcengine_tos",,,"2026-06-04 22:03:03","WSL_HOME"
"/home/hyun02063185/dify/api/tests/unit_tests/oss/tencent_cos","tencent_cos",,,"2026-06-04 22:03:03","WSL_HOME"
"/home/hyun02063185/dify/api/tests/unit_tests/oss/baidu_obs","baidu_obs",,,"2026-06-04 22:03:03","WSL_HOME"
"/home/hyun02063185/dify/api/tests/unit_tests/oss/__mock","__mock",,,"2026-06-04 22:03:03","WSL_HOME"
"/home/hyun02063185/dify/api/tests/unit_tests/oss/aliyun_oss","aliyun_oss",,,"2026-06-04 22:03:03","WSL_HOME"
"/home/hyun02063185/dify/api/tests/unit_tests/models","models",,,"2026-06-04 22:03:03","WSL_HOME"
"/home/hyun02063185/dify/api/tests/unit_tests/core","core",,,"2026-06-04 22:03:03","WSL_HOME"
"/home/hyun02063185/dify/api/tests/unit_tests/core/callback_handler","callback_handler",,,"2026-06-04 22:03:03","WSL_HOME"
"/home/hyun02063185/dify/api/tests/unit_tests/core/entities","entities",,,"2026-06-04 22:03:03","WSL_HOME"
"/home/hyun02063185/dify/api/tests/unit_tests/core/memory","memory",,,"2026-06-04 22:03:03","WSL_HOME"
"/home/hyun02063185/dify/api/tests/unit_tests/core/model_runtime","model_runtime",,,"2026-06-04 22:03:03","WSL_HOME"
"/home/hyun02063185/dify/api/tests/unit_tests/core/moderation","moderation",,,"2026-06-04 22:03:03","WSL_HOME"
"/home/hyun02063185/dify/api/tests/unit_tests/core/prompt","prompt",,,"2026-06-04 22:03:03","WSL_HOME"
"/home/hyun02063185/dify/api/tests/unit_tests/core/rag","rag",,,"2026-06-04 22:03:03","WSL_HOME"
"/home/hyun02063185/dify/api/tests/unit_tests/core/datasource","datasource",,,"2026-06-04 22:03:03","WSL_HOME"
"/home/hyun02063185/dify/api/tests/unit_tests/core/base","base",,,"2026-06-04 22:03:03","WSL_HOME"
"/home/hyun02063185/dify/api/tests/unit_tests/core/app","app",,,"2026-06-04 22:03:03","WSL_HOME"
"/home/hyun02063185/dify/api/tests/unit_tests/core/llm_generator","llm_generator",,,"2026-06-04 22:03:03","WSL_HOME"
"/home/hyun02063185/dify/api/tests/unit_tests/core/mcp","mcp",,,"2026-06-04 22:03:03","WSL_HOME"
"/home/hyun02063185/dify/api/tests/unit_tests/core/repositories","repositories",,,"2026-06-04 22:03:03","WSL_HOME"
"/home/hyun02063185/dify/api/tests/unit_tests/core/file","file",,,"2026-06-04 22:03:03","WSL_HOME"
"/home/hyun02063185/dify/api/tests/unit_tests/core/ops","ops",,,"2026-06-04 22:03:03","WSL_HOME"
"/home/hyun02063185/dify/api/tests/unit_tests/core/tools","tools",,,"2026-06-04 22:03:03","WSL_HOME"
"/home/hyun02063185/dify/api/tests/unit_tests/core/workflow","workflow",,,"2026-06-04 22:03:03","WSL_HOME"
"/home/hyun02063185/dify/api/tests/unit_tests/core/logging","logging",,,"2026-06-04 22:03:03","WSL_HOME"
"/home/hyun02063185/dify/api/tests/unit_tests/core/agent","agent",,,"2026-06-04 22:03:03","WSL_HOME"
"/home/hyun02063185/dify/api/tests/unit_tests/core/external_data_tool","external_data_tool",,,"2026-06-04 22:03:03","WSL_HOME"
"/home/hyun02063185/dify/api/tests/unit_tests/core/variables","variables",,,"2026-06-04 22:03:03","WSL_HOME"
"/home/hyun02063185/dify/api/tests/unit_tests/core/trigger","trigger",,,"2026-06-04 22:03:03","WSL_HOME"
"/home/hyun02063185/dify/api/tests/unit_tests/core/plugin","plugin",,,"2026-06-04 22:03:03","WSL_HOME"
"/home/hyun02063185/dify/api/tests/unit_tests/core/telemetry","telemetry",,,"2026-06-04 22:03:03","WSL_HOME"
"/home/hyun02063185/dify/api/tests/unit_tests/core/schemas","schemas",,,"2026-06-04 22:03:03","WSL_HOME"
"/home/hyun02063185/dify/api/tests/unit_tests/core/helper","helper",,,"2026-06-04 22:03:03","WSL_HOME"
"/home/hyun02063185/dify/api/tests/unit_tests/core/extension","extension",,,"2026-06-04 22:03:03","WSL_HOME"
"/home/hyun02063185/dify/api/tests/unit_tests/clients","clients",,,"2026-06-04 22:03:03","WSL_HOME"
"/home/hyun02063185/dify/api/tests/unit_tests/clients/agent_backend","agent_backend",,,"2026-06-04 22:03:03","WSL_HOME"
"/home/hyun02063185/dify/api/tests/integration_tests","integration_tests",,,"2026-06-04 22:03:03","WSL_HOME"
"/home/hyun02063185/dify/api/tests/integration_tests/storage","storage",,,"2026-06-04 22:03:03","WSL_HOME"
"/home/hyun02063185/dify/api/tests/integration_tests/model_runtime","model_runtime",,,"2026-06-04 22:03:03","WSL_HOME"
"/home/hyun02063185/dify/api/tests/integration_tests/model_runtime/__mock","__mock",,,"2026-06-04 22:03:03","WSL_HOME"
"/home/hyun02063185/dify/api/tests/integration_tests/controllers","controllers",,,"2026-06-04 22:03:03","WSL_HOME"
"/home/hyun02063185/dify/api/tests/integration_tests/controllers/console","console",,,"2026-06-04 22:03:03","WSL_HOME"
"/home/hyun02063185/dify/api/tests/integration_tests/controllers/openapi","openapi",,,"2026-06-04 22:03:03","WSL_HOME"
"/home/hyun02063185/dify/api/tests/integration_tests/vdb","vdb",,,"2026-06-04 22:03:03","WSL_HOME"
"/home/hyun02063185/dify/api/tests/integration_tests/factories","factories",,,"2026-06-04 22:03:03","WSL_HOME"
"/home/hyun02063185/dify/api/tests/integration_tests/utils","utils",,,"2026-06-04 22:03:03","WSL_HOME"
"/home/hyun02063185/dify/api/tests/integration_tests/services","services",,,"2026-06-04 22:03:03","WSL_HOME"
"/home/hyun02063185/dify/api/tests/integration_tests/services/retention","retention",,,"2026-06-04 22:03:03","WSL_HOME"
"/home/hyun02063185/dify/api/tests/integration_tests/services/plugin","plugin",,,"2026-06-04 22:03:03","WSL_HOME"
"/home/hyun02063185/dify/api/tests/integration_tests/tasks","tasks",,,"2026-06-04 22:03:03","WSL_HOME"
"/home/hyun02063185/dify/api/tests/integration_tests/tools","tools",,,"2026-06-04 22:03:03","WSL_HOME"
"/home/hyun02063185/dify/api/tests/integration_tests/tools/api_tool","api_tool",,,"2026-06-04 22:03:03","WSL_HOME"
"/home/hyun02063185/dify/api/tests/integration_tests/tools/__mock","__mock",,,"2026-06-04 22:03:03","WSL_HOME"
"/home/hyun02063185/dify/api/tests/integration_tests/tools/__mock_server","__mock_server",,,"2026-06-04 22:03:03","WSL_HOME"
"/home/hyun02063185/dify/api/tests/integration_tests/tools/code","code",,,"2026-06-04 22:03:03","WSL_HOME"
"/home/hyun02063185/dify/api/tests/integration_tests/workflow","workflow",,,"2026-06-04 22:03:03","WSL_HOME"
"/home/hyun02063185/dify/api/tests/integration_tests/workflow/nodes","nodes",,,"2026-06-04 22:03:03","WSL_HOME"
"/home/hyun02063185/dify/api/tests/integration_tests/libs","libs",,,"2026-06-04 22:03:03","WSL_HOME"
"/home/hyun02063185/dify/api/tests/integration_tests/libs/broadcast_channel","broadcast_channel",,,"2026-06-04 22:03:03","WSL_HOME"
"/home/hyun02063185/dify/api/tests/integration_tests/plugin","plugin",,,"2026-06-04 22:03:03","WSL_HOME"
"/home/hyun02063185/dify/api/tests/integration_tests/plugin/tools","tools",,,"2026-06-04 22:03:03","WSL_HOME"
"/home/hyun02063185/dify/api/tests/integration_tests/plugin/__mock","__mock",,,"2026-06-04 22:03:03","WSL_HOME"
"/home/hyun02063185/dify/api/tests/integration_tests/core","core",,,"2026-06-04 22:03:03","WSL_HOME"
"/home/hyun02063185/dify/api/tests/integration_tests/core/datasource","datasource",,,"2026-06-04 22:03:03","WSL_HOME"
"/home/hyun02063185/dify/api/tests/integration_tests/core/workflow","workflow",,,"2026-06-04 22:03:03","WSL_HOME"
"/home/hyun02063185/dify/api/tests/fixtures","fixtures",,,"2026-06-04 22:03:03","WSL_HOME"
"/home/hyun02063185/dify/api/tests/fixtures/workflow","workflow",,,"2026-06-04 22:03:03","WSL_HOME"
"/home/hyun02063185/dify/api/constants","constants",,,"2026-06-04 22:03:03","WSL_HOME"
"/home/hyun02063185/dify/api/enums","enums",,,"2026-06-04 22:03:03","WSL_HOME"
"/home/hyun02063185/dify/api/schedule","schedule",,,"2026-06-04 22:03:03","WSL_HOME"
"/home/hyun02063185/dify/api/commands","commands",,,"2026-06-04 22:03:03","WSL_HOME"
"/home/hyun02063185/dify/api/controllers","controllers",,,"2026-06-04 22:03:03","WSL_HOME"
"/home/hyun02063185/dify/api/controllers/files","files",,,"2026-06-04 22:03:03","WSL_HOME"
"/home/hyun02063185/dify/api/controllers/service_api","service_api",,,"2026-06-04 22:03:03","WSL_HOME"
"/home/hyun02063185/dify/api/controllers/service_api/end_user","end_user",,,"2026-06-04 22:03:03","WSL_HOME"
"/home/hyun02063185/dify/api/controllers/service_api/app","app",,,"2026-06-04 22:03:03","WSL_HOME"
"/home/hyun02063185/dify/api/controllers/service_api/workspace","workspace",,,"2026-06-04 22:03:03","WSL_HOME"
"/home/hyun02063185/dify/api/controllers/service_api/dataset","dataset",,,"2026-06-04 22:03:03","WSL_HOME"
"/home/hyun02063185/dify/api/controllers/service_api/dataset/rag_pipeline","rag_pipeline",,,"2026-06-04 22:03:03","WSL_HOME"
"/home/hyun02063185/dify/api/controllers/inner_api","inner_api",,,"2026-06-04 22:03:03","WSL_HOME"
"/home/hyun02063185/dify/api/controllers/inner_api/app","app",,,"2026-06-04 22:03:03","WSL_HOME"
"/home/hyun02063185/dify/api/controllers/inner_api/plugin","plugin",,,"2026-06-04 22:03:03","WSL_HOME"
"/home/hyun02063185/dify/api/controllers/inner_api/workspace","workspace",,,"2026-06-04 22:03:03","WSL_HOME"
"/home/hyun02063185/dify/api/controllers/mcp","mcp",,,"2026-06-04 22:03:03","WSL_HOME"
"/home/hyun02063185/dify/api/controllers/console","console",,,"2026-06-04 22:03:03","WSL_HOME"
"/home/hyun02063185/dify/api/controllers/console/datasets","datasets",,,"2026-06-04 22:03:03","WSL_HOME"
"/home/hyun02063185/dify/api/controllers/console/datasets/rag_pipeline","rag_pipeline",,,"2026-06-04 22:03:03","WSL_HOME"
"/home/hyun02063185/dify/api/controllers/console/socketio","socketio",,,"2026-06-04 22:03:03","WSL_HOME"
"/home/hyun02063185/dify/api/controllers/console/app","app",,,"2026-06-04 22:03:03","WSL_HOME"
"/home/hyun02063185/dify/api/controllers/console/billing","billing",,,"2026-06-04 22:03:03","WSL_HOME"
"/home/hyun02063185/dify/api/controllers/console/agent","agent",,,"2026-06-04 22:03:03","WSL_HOME"
"/home/hyun02063185/dify/api/controllers/console/explore","explore",,,"2026-06-04 22:03:03","WSL_HOME"
"/home/hyun02063185/dify/api/controllers/console/workspace","workspace",,,"2026-06-04 22:03:03","WSL_HOME"
"/home/hyun02063185/dify/api/controllers/console/auth","auth",,,"2026-06-04 22:03:03","WSL_HOME"
"/home/hyun02063185/dify/api/controllers/console/tag","tag",,,"2026-06-04 22:03:03","WSL_HOME"
"/home/hyun02063185/dify/api/controllers/openapi","openapi",,,"2026-06-04 22:03:03","WSL_HOME"
"/home/hyun02063185/dify/api/controllers/openapi/auth","auth",,,"2026-06-04 22:03:03","WSL_HOME"
"/home/hyun02063185/dify/api/controllers/common","common",,,"2026-06-04 22:03:03","WSL_HOME"
"/home/hyun02063185/dify/api/controllers/trigger","trigger",,,"2026-06-04 22:03:03","WSL_HOME"
"/home/hyun02063185/dify/api/controllers/web","web",,,"2026-06-04 22:03:03","WSL_HOME"
"/home/hyun02063185/dify/api/migrations","migrations",,,"2026-06-04 22:03:03","WSL_HOME"
"/home/hyun02063185/dify/api/migrations/versions","versions",,,"2026-06-04 22:03:03","WSL_HOME"
"/home/hyun02063185/dify/api/factories","factories",,,"2026-06-04 22:03:03","WSL_HOME"
"/home/hyun02063185/dify/api/factories/file_factory","file_factory",,,"2026-06-04 22:03:03","WSL_HOME"
"/home/hyun02063185/dify/api/fields","fields",,,"2026-06-04 22:03:03","WSL_HOME"
"/home/hyun02063185/dify/api/services","services",,,"2026-06-04 22:03:03","WSL_HOME"
"/home/hyun02063185/dify/api/services/recommend_app","recommend_app",,,"2026-06-04 22:03:03","WSL_HOME"
"/home/hyun02063185/dify/api/services/recommend_app/database","database",,,"2026-06-04 22:03:03","WSL_HOME"
"/home/hyun02063185/dify/api/services/recommend_app/remote","remote",,,"2026-06-04 22:03:03","WSL_HOME"
"/home/hyun02063185/dify/api/services/recommend_app/buildin","buildin",,,"2026-06-04 22:03:03","WSL_HOME"
"/home/hyun02063185/dify/api/services/entities","entities",,,"2026-06-04 22:03:03","WSL_HOME"
"/home/hyun02063185/dify/api/services/entities/knowledge_entities","knowledge_entities",,,"2026-06-04 22:03:03","WSL_HOME"
"/home/hyun02063185/dify/api/services/entities/external_knowledge_entities","external_knowledge_entities",,,"2026-06-04 22:03:03","WSL_HOME"
"/home/hyun02063185/dify/api/services/rag_pipeline","rag_pipeline",,,"2026-06-04 22:03:03","WSL_HOME"
"/home/hyun02063185/dify/api/services/rag_pipeline/entity","entity",,,"2026-06-04 22:03:03","WSL_HOME"
"/home/hyun02063185/dify/api/services/rag_pipeline/transform","transform",,,"2026-06-04 22:03:03","WSL_HOME"
"/home/hyun02063185/dify/api/services/rag_pipeline/pipeline_template","pipeline_template",,,"2026-06-04 22:03:03","WSL_HOME"
"/home/hyun02063185/dify/api/services/rag_pipeline/pipeline_template/database","database",,,"2026-06-04 22:03:03","WSL_HOME"
"/home/hyun02063185/dify/api/services/rag_pipeline/pipeline_template/customized","customized",,,"2026-06-04 22:03:03","WSL_HOME"
"/home/hyun02063185/dify/api/services/rag_pipeline/pipeline_template/built_in","built_in",,,"2026-06-04 22:03:03","WSL_HOME"
"/home/hyun02063185/dify/api/services/rag_pipeline/pipeline_template/remote","remote",,,"2026-06-04 22:03:03","WSL_HOME"
"/home/hyun02063185/dify/api/services/retention","retention",,,"2026-06-04 22:03:03","WSL_HOME"
"/home/hyun02063185/dify/api/services/retention/workflow_run","workflow_run",,,"2026-06-04 22:03:03","WSL_HOME"
"/home/hyun02063185/dify/api/services/retention/conversation","conversation",,,"2026-06-04 22:03:03","WSL_HOME"
"/home/hyun02063185/dify/api/services/document_indexing_proxy","document_indexing_proxy",,,"2026-06-04 22:03:03","WSL_HOME"
"/home/hyun02063185/dify/api/services/data_migration","data_migration",,,"2026-06-04 22:03:03","WSL_HOME"
"/home/hyun02063185/dify/api/services/openapi","openapi",,,"2026-06-04 22:03:03","WSL_HOME"
"/home/hyun02063185/dify/api/services/tools","tools",,,"2026-06-04 22:03:03","WSL_HOME"
"/home/hyun02063185/dify/api/services/errors","errors",,,"2026-06-04 22:03:03","WSL_HOME"
"/home/hyun02063185/dify/api/services/workflow","workflow",,,"2026-06-04 22:03:03","WSL_HOME"
"/home/hyun02063185/dify/api/services/agent","agent",,,"2026-06-04 22:03:03","WSL_HOME"
"/home/hyun02063185/dify/api/services/enterprise","enterprise",,,"2026-06-04 22:03:03","WSL_HOME"
"/home/hyun02063185/dify/api/services/trigger","trigger",,,"2026-06-04 22:03:03","WSL_HOME"
"/home/hyun02063185/dify/api/services/plugin","plugin",,,"2026-06-04 22:03:03","WSL_HOME"
"/home/hyun02063185/dify/api/services/auth","auth",,,"2026-06-04 22:03:03","WSL_HOME"
"/home/hyun02063185/dify/api/services/auth/firecrawl","firecrawl",,,"2026-06-04 22:03:03","WSL_HOME"
"/home/hyun02063185/dify/api/services/auth/watercrawl","watercrawl",,,"2026-06-04 22:03:03","WSL_HOME"
"/home/hyun02063185/dify/api/services/auth/jina","jina",,,"2026-06-04 22:03:03","WSL_HOME"
"/home/hyun02063185/dify/api/dev","dev",,,"2026-06-04 22:03:03","WSL_HOME"
"/home/hyun02063185/dify/api/docker","docker",,,"2026-06-04 22:03:03","WSL_HOME"
"/home/hyun02063185/dify/api/events","events",,,"2026-06-04 22:03:03","WSL_HOME"
"/home/hyun02063185/dify/api/events/event_handlers","event_handlers",,,"2026-06-04 22:03:03","WSL_HOME"
"/home/hyun02063185/dify/api/tasks","tasks",,,"2026-06-04 22:03:03","WSL_HOME"
"/home/hyun02063185/dify/api/tasks/rag_pipeline","rag_pipeline",,,"2026-06-04 22:03:03","WSL_HOME"
"/home/hyun02063185/dify/api/tasks/workflow_cfs_scheduler","workflow_cfs_scheduler",,,"2026-06-04 22:03:03","WSL_HOME"
"/home/hyun02063185/dify/api/tasks/app_generate","app_generate",,,"2026-06-04 22:03:03","WSL_HOME"
"/home/hyun02063185/dify/api/tasks/annotation","annotation",,,"2026-06-04 22:03:03","WSL_HOME"
"/home/hyun02063185/dify/api/openapi","openapi",,,"2026-06-04 22:03:03","WSL_HOME"
"/home/hyun02063185/dify/api/openapi/markdown","markdown",,,"2026-06-04 22:03:03","WSL_HOME"
"/home/hyun02063185/dify/api/repositories","repositories",,,"2026-06-04 22:03:03","WSL_HOME"
"/home/hyun02063185/dify/api/repositories/entities","entities",,,"2026-06-04 22:03:03","WSL_HOME"
"/home/hyun02063185/dify/api/libs","libs",,,"2026-06-04 22:03:03","WSL_HOME"
"/home/hyun02063185/dify/api/libs/broadcast_channel","broadcast_channel",,,"2026-06-04 22:03:03","WSL_HOME"
"/home/hyun02063185/dify/api/libs/broadcast_channel/redis","redis",,,"2026-06-04 22:03:03","WSL_HOME"
"/home/hyun02063185/dify/api/extensions","extensions",,,"2026-06-04 22:03:03","WSL_HOME"
"/home/hyun02063185/dify/api/extensions/storage","storage",,,"2026-06-04 22:03:03","WSL_HOME"
"/home/hyun02063185/dify/api/extensions/storage/clickzetta_volume","clickzetta_volume",,,"2026-06-04 22:03:03","WSL_HOME"
"/home/hyun02063185/dify/api/extensions/logstore","logstore",,,"2026-06-04 22:03:03","WSL_HOME"
"/home/hyun02063185/dify/api/extensions/logstore/repositories","repositories",,,"2026-06-04 22:03:03","WSL_HOME"
"/home/hyun02063185/dify/api/extensions/otel","otel",,,"2026-06-04 22:03:03","WSL_HOME"
"/home/hyun02063185/dify/api/extensions/otel/semconv","semconv",,,"2026-06-04 22:03:03","WSL_HOME"
"/home/hyun02063185/dify/api/extensions/otel/decorators","decorators",,,"2026-06-04 22:03:03","WSL_HOME"
"/home/hyun02063185/dify/api/extensions/otel/decorators/handlers","handlers",,,"2026-06-04 22:03:03","WSL_HOME"
"/home/hyun02063185/dify/api/extensions/otel/parser","parser",,,"2026-06-04 22:03:03","WSL_HOME"
"/home/hyun02063185/dify/api/enterprise","enterprise",,,"2026-06-04 22:03:03","WSL_HOME"
"/home/hyun02063185/dify/api/enterprise/telemetry","telemetry",,,"2026-06-04 22:03:03","WSL_HOME"
"/home/hyun02063185/dify/api/enterprise/telemetry/entities","entities",,,"2026-06-04 22:03:03","WSL_HOME"
"/home/hyun02063185/dify/api/providers","providers",,,"2026-06-04 22:03:03","WSL_HOME"
"/home/hyun02063185/dify/api/providers/trace","trace",,,"2026-06-04 22:03:03","WSL_HOME"
"/home/hyun02063185/dify/api/providers/trace/trace-arize-phoenix","trace-arize-phoenix",,,"2026-06-04 22:03:03","WSL_HOME"
"/home/hyun02063185/dify/api/providers/trace/trace-arize-phoenix/tests","tests",,,"2026-06-04 22:03:03","WSL_HOME"
"/home/hyun02063185/dify/api/providers/trace/trace-arize-phoenix/src","src",,,"2026-06-04 22:03:03","WSL_HOME"
"/home/hyun02063185/dify/api/providers/trace/trace-mlflow","trace-mlflow",,,"2026-06-04 22:03:03","WSL_HOME"
"/home/hyun02063185/dify/api/providers/trace/trace-mlflow/tests","tests",,,"2026-06-04 22:03:03","WSL_HOME"
"/home/hyun02063185/dify/api/providers/trace/trace-mlflow/src","src",,,"2026-06-04 22:03:03","WSL_HOME"
"/home/hyun02063185/dify/api/providers/trace/trace-tencent","trace-tencent",,,"2026-06-04 22:03:03","WSL_HOME"
"/home/hyun02063185/dify/api/providers/trace/trace-tencent/tests","tests",,,"2026-06-04 22:03:03","WSL_HOME"
"/home/hyun02063185/dify/api/providers/trace/trace-tencent/src","src",,,"2026-06-04 22:03:03","WSL_HOME"
"/home/hyun02063185/dify/api/providers/trace/trace-weave","trace-weave",,,"2026-06-04 22:03:03","WSL_HOME"
"/home/hyun02063185/dify/api/providers/trace/trace-weave/tests","tests",,,"2026-06-04 22:03:03","WSL_HOME"
"/home/hyun02063185/dify/api/providers/trace/trace-weave/src","src",,,"2026-06-04 22:03:03","WSL_HOME"
"/home/hyun02063185/dify/api/providers/trace/trace-langfuse","trace-langfuse",,,"2026-06-04 22:03:03","WSL_HOME"
"/home/hyun02063185/dify/api/providers/trace/trace-langfuse/tests","tests",,,"2026-06-04 22:03:03","WSL_HOME"
"/home/hyun02063185/dify/api/providers/trace/trace-langfuse/src","src",,,"2026-06-04 22:03:03","WSL_HOME"
"/home/hyun02063185/dify/api/providers/trace/trace-aliyun","trace-aliyun",,,"2026-06-04 22:03:03","WSL_HOME"
"/home/hyun02063185/dify/api/providers/trace/trace-aliyun/tests","tests",,,"2026-06-04 22:03:03","WSL_HOME"
"/home/hyun02063185/dify/api/providers/trace/trace-aliyun/src","src",,,"2026-06-04 22:03:03","WSL_HOME"
"/home/hyun02063185/dify/api/providers/trace/trace-langsmith","trace-langsmith",,,"2026-06-04 22:03:03","WSL_HOME"
"/home/hyun02063185/dify/api/providers/trace/trace-langsmith/tests","tests",,,"2026-06-04 22:03:03","WSL_HOME"
"/home/hyun02063185/dify/api/providers/trace/trace-langsmith/src","src",,,"2026-06-04 22:03:03","WSL_HOME"
"/home/hyun02063185/dify/api/providers/trace/trace-opik","trace-opik",,,"2026-06-04 22:03:03","WSL_HOME"
"/home/hyun02063185/dify/api/providers/trace/trace-opik/tests","tests",,,"2026-06-04 22:03:03","WSL_HOME"
"/home/hyun02063185/dify/api/providers/trace/trace-opik/src","src",,,"2026-06-04 22:03:03","WSL_HOME"
"/home/hyun02063185/dify/api/providers/vdb","vdb",,,"2026-06-04 22:03:03","WSL_HOME"
"/home/hyun02063185/dify/api/providers/vdb/vdb-milvus","vdb-milvus",,,"2026-06-04 22:03:03","WSL_HOME"
"/home/hyun02063185/dify/api/providers/vdb/vdb-milvus/tests","tests",,,"2026-06-04 22:03:03","WSL_HOME"
"/home/hyun02063185/dify/api/providers/vdb/vdb-milvus/src","src",,,"2026-06-04 22:03:03","WSL_HOME"
"/home/hyun02063185/dify/api/providers/vdb/vdb-elasticsearch","vdb-elasticsearch",,,"2026-06-04 22:03:03","WSL_HOME"
"/home/hyun02063185/dify/api/providers/vdb/vdb-elasticsearch/tests","tests",,,"2026-06-04 22:03:03","WSL_HOME"
"/home/hyun02063185/dify/api/providers/vdb/vdb-elasticsearch/src","src",,,"2026-06-04 22:03:03","WSL_HOME"
"/home/hyun02063185/dify/api/providers/vdb/vdb-qdrant","vdb-qdrant",,,"2026-06-04 22:03:03","WSL_HOME"
"/home/hyun02063185/dify/api/providers/vdb/vdb-qdrant/tests","tests",,,"2026-06-04 22:03:03","WSL_HOME"
"/home/hyun02063185/dify/api/providers/vdb/vdb-qdrant/src","src",,,"2026-06-04 22:03:03","WSL_HOME"
"/home/hyun02063185/dify/api/providers/vdb/vdb-upstash","vdb-upstash",,,"2026-06-04 22:03:03","WSL_HOME"
"/home/hyun02063185/dify/api/providers/vdb/vdb-upstash/tests","tests",,,"2026-06-04 22:03:03","WSL_HOME"
"/home/hyun02063185/dify/api/providers/vdb/vdb-upstash/src","src",,,"2026-06-04 22:03:03","WSL_HOME"
"/home/hyun02063185/dify/api/providers/vdb/vdb-oracle","vdb-oracle",,,"2026-06-04 22:03:03","WSL_HOME"
"/home/hyun02063185/dify/api/providers/vdb/vdb-oracle/tests","tests",,,"2026-06-04 22:03:03","WSL_HOME"
"/home/hyun02063185/dify/api/providers/vdb/vdb-oracle/src","src",,,"2026-06-04 22:03:03","WSL_HOME"
"/home/hyun02063185/dify/api/providers/vdb/vdb-baidu","vdb-baidu",,,"2026-06-04 22:03:03","WSL_HOME"
"/home/hyun02063185/dify/api/providers/vdb/vdb-baidu/tests","tests",,,"2026-06-04 22:03:03","WSL_HOME"
"/home/hyun02063185/dify/api/providers/vdb/vdb-baidu/src","src",,,"2026-06-04 22:03:03","WSL_HOME"
"/home/hyun02063185/dify/api/providers/vdb/vdb-oceanbase","vdb-oceanbase",,,"2026-06-04 22:03:03","WSL_HOME"
"/home/hyun02063185/dify/api/providers/vdb/vdb-oceanbase/tests","tests",,,"2026-06-04 22:03:03","WSL_HOME"
"/home/hyun02063185/dify/api/providers/vdb/vdb-oceanbase/src","src",,,"2026-06-04 22:03:03","WSL_HOME"
"/home/hyun02063185/dify/api/providers/vdb/vdb-huawei-cloud","vdb-huawei-cloud",,,"2026-06-04 22:03:03","WSL_HOME"
"/home/hyun02063185/dify/api/providers/vdb/vdb-huawei-cloud/tests","tests",,,"2026-06-04 22:03:03","WSL_HOME"
"/home/hyun02063185/dify/api/providers/vdb/vdb-huawei-cloud/src","src",,,"2026-06-04 22:03:03","WSL_HOME"
"/home/hyun02063185/dify/api/providers/vdb/vdb-opensearch","vdb-opensearch",,,"2026-06-04 22:03:03","WSL_HOME"
"/home/hyun02063185/dify/api/providers/vdb/vdb-opensearch/tests","tests",,,"2026-06-04 22:03:03","WSL_HOME"
"/home/hyun02063185/dify/api/providers/vdb/vdb-opensearch/src","src",,,"2026-06-04 22:03:03","WSL_HOME"
"/home/hyun02063185/dify/api/providers/vdb/vdb-tidb-on-qdrant","vdb-tidb-on-qdrant",,,"2026-06-04 22:03:03","WSL_HOME"
"/home/hyun02063185/dify/api/providers/vdb/vdb-tidb-on-qdrant/tests","tests",,,"2026-06-04 22:03:03","WSL_HOME"
"/home/hyun02063185/dify/api/providers/vdb/vdb-tidb-on-qdrant/src","src",,,"2026-06-04 22:03:03","WSL_HOME"
"/home/hyun02063185/dify/api/providers/vdb/vdb-pgvector","vdb-pgvector",,,"2026-06-04 22:03:03","WSL_HOME"
"/home/hyun02063185/dify/api/providers/vdb/vdb-pgvector/tests","tests",,,"2026-06-04 22:03:03","WSL_HOME"
"/home/hyun02063185/dify/api/providers/vdb/vdb-pgvector/src","src",,,"2026-06-04 22:03:03","WSL_HOME"
"/home/hyun02063185/dify/api/providers/vdb/vdb-hologres","vdb-hologres",,,"2026-06-04 22:03:03","WSL_HOME"
"/home/hyun02063185/dify/api/providers/vdb/vdb-hologres/tests","tests",,,"2026-06-04 22:03:03","WSL_HOME"
"/home/hyun02063185/dify/api/providers/vdb/vdb-hologres/src","src",,,"2026-06-04 22:03:03","WSL_HOME"
"/home/hyun02063185/dify/api/providers/vdb/vdb-chroma","vdb-chroma",,,"2026-06-04 22:03:03","WSL_HOME"
"/home/hyun02063185/dify/api/providers/vdb/vdb-chroma/tests","tests",,,"2026-06-04 22:03:03","WSL_HOME"
"/home/hyun02063185/dify/api/providers/vdb/vdb-chroma/src","src",,,"2026-06-04 22:03:03","WSL_HOME"
"/home/hyun02063185/dify/api/providers/vdb/vdb-clickzetta","vdb-clickzetta",,,"2026-06-04 22:03:03","WSL_HOME"
"/home/hyun02063185/dify/api/providers/vdb/vdb-clickzetta/tests","tests",,,"2026-06-04 22:03:03","WSL_HOME"
"/home/hyun02063185/dify/api/providers/vdb/vdb-clickzetta/src","src",,,"2026-06-04 22:03:03","WSL_HOME"
"/home/hyun02063185/dify/api/providers/vdb/vdb-opengauss","vdb-opengauss",,,"2026-06-04 22:03:03","WSL_HOME"
"/home/hyun02063185/dify/api/providers/vdb/vdb-opengauss/tests","tests",,,"2026-06-04 22:03:03","WSL_HOME"
"/home/hyun02063185/dify/api/providers/vdb/vdb-opengauss/src","src",,,"2026-06-04 22:03:03","WSL_HOME"
"/home/hyun02063185/dify/api/providers/vdb/vdb-tablestore","vdb-tablestore",,,"2026-06-04 22:03:03","WSL_HOME"
"/home/hyun02063185/dify/api/providers/vdb/vdb-tablestore/tests","tests",,,"2026-06-04 22:03:03","WSL_HOME"
"/home/hyun02063185/dify/api/providers/vdb/vdb-tablestore/src","src",,,"2026-06-04 22:03:03","WSL_HOME"
"/home/hyun02063185/dify/api/providers/vdb/vdb-alibabacloud-mysql","vdb-alibabacloud-mysql",,,"2026-06-04 22:03:03","WSL_HOME"
"/home/hyun02063185/dify/api/providers/vdb/vdb-alibabacloud-mysql/tests","tests",,,"2026-06-04 22:03:03","WSL_HOME"
"/home/hyun02063185/dify/api/providers/vdb/vdb-alibabacloud-mysql/src","src",,,"2026-06-04 22:03:03","WSL_HOME"
"/home/hyun02063185/dify/api/providers/vdb/vdb-lindorm","vdb-lindorm",,,"2026-06-04 22:03:03","WSL_HOME"
"/home/hyun02063185/dify/api/providers/vdb/vdb-lindorm/tests","tests",,,"2026-06-04 22:03:03","WSL_HOME"
"/home/hyun02063185/dify/api/providers/vdb/vdb-lindorm/src","src",,,"2026-06-04 22:03:03","WSL_HOME"
"/home/hyun02063185/dify/api/providers/vdb/vdb-myscale","vdb-myscale",,,"2026-06-04 22:03:03","WSL_HOME"
"/home/hyun02063185/dify/api/providers/vdb/vdb-myscale/tests","tests",,,"2026-06-04 22:03:03","WSL_HOME"
"/home/hyun02063185/dify/api/providers/vdb/vdb-myscale/src","src",,,"2026-06-04 22:03:03","WSL_HOME"
"/home/hyun02063185/dify/api/providers/vdb/vdb-matrixone","vdb-matrixone",,,"2026-06-04 22:03:03","WSL_HOME"
"/home/hyun02063185/dify/api/providers/vdb/vdb-matrixone/tests","tests",,,"2026-06-04 22:03:03","WSL_HOME"
"/home/hyun02063185/dify/api/providers/vdb/vdb-matrixone/src","src",,,"2026-06-04 22:03:03","WSL_HOME"
"/home/hyun02063185/dify/api/providers/vdb/vdb-relyt","vdb-relyt",,,"2026-06-04 22:03:03","WSL_HOME"
"/home/hyun02063185/dify/api/providers/vdb/vdb-relyt/tests","tests",,,"2026-06-04 22:03:03","WSL_HOME"
"/home/hyun02063185/dify/api/providers/vdb/vdb-relyt/src","src",,,"2026-06-04 22:03:03","WSL_HOME"
"/home/hyun02063185/dify/api/providers/vdb/vdb-tencent","vdb-tencent",,,"2026-06-04 22:03:03","WSL_HOME"
"/home/hyun02063185/dify/api/providers/vdb/vdb-tencent/tests","tests",,,"2026-06-04 22:03:03","WSL_HOME"
"/home/hyun02063185/dify/api/providers/vdb/vdb-tencent/src","src",,,"2026-06-04 22:03:03","WSL_HOME"
"/home/hyun02063185/dify/api/providers/vdb/vdb-analyticdb","vdb-analyticdb",,,"2026-06-04 22:03:03","WSL_HOME"
"/home/hyun02063185/dify/api/providers/vdb/vdb-analyticdb/tests","tests",,,"2026-06-04 22:03:03","WSL_HOME"
"/home/hyun02063185/dify/api/providers/vdb/vdb-analyticdb/src","src",,,"2026-06-04 22:03:03","WSL_HOME"
"/home/hyun02063185/dify/api/providers/vdb/vdb-pgvecto-rs","vdb-pgvecto-rs",,,"2026-06-04 22:03:03","WSL_HOME"
"/home/hyun02063185/dify/api/providers/vdb/vdb-pgvecto-rs/tests","tests",,,"2026-06-04 22:03:03","WSL_HOME"
"/home/hyun02063185/dify/api/providers/vdb/vdb-pgvecto-rs/src","src",,,"2026-06-04 22:03:03","WSL_HOME"
"/home/hyun02063185/dify/api/providers/vdb/vdb-weaviate","vdb-weaviate",,,"2026-06-04 22:03:03","WSL_HOME"
"/home/hyun02063185/dify/api/providers/vdb/vdb-weaviate/tests","tests",,,"2026-06-04 22:03:03","WSL_HOME"
"/home/hyun02063185/dify/api/providers/vdb/vdb-weaviate/src","src",,,"2026-06-04 22:03:03","WSL_HOME"
"/home/hyun02063185/dify/api/providers/vdb/vdb-vikingdb","vdb-vikingdb",,,"2026-06-04 22:03:03","WSL_HOME"
"/home/hyun02063185/dify/api/providers/vdb/vdb-vikingdb/tests","tests",,,"2026-06-04 22:03:03","WSL_HOME"
"/home/hyun02063185/dify/api/providers/vdb/vdb-vikingdb/src","src",,,"2026-06-04 22:03:03","WSL_HOME"
"/home/hyun02063185/dify/api/providers/vdb/vdb-couchbase","vdb-couchbase",,,"2026-06-04 22:03:03","WSL_HOME"
"/home/hyun02063185/dify/api/providers/vdb/vdb-couchbase/tests","tests",,,"2026-06-04 22:03:03","WSL_HOME"
"/home/hyun02063185/dify/api/providers/vdb/vdb-couchbase/src","src",,,"2026-06-04 22:03:03","WSL_HOME"
"/home/hyun02063185/dify/api/providers/vdb/vdb-vastbase","vdb-vastbase",,,"2026-06-04 22:03:03","WSL_HOME"
"/home/hyun02063185/dify/api/providers/vdb/vdb-vastbase/tests","tests",,,"2026-06-04 22:03:03","WSL_HOME"
"/home/hyun02063185/dify/api/providers/vdb/vdb-vastbase/src","src",,,"2026-06-04 22:03:03","WSL_HOME"
"/home/hyun02063185/dify/api/providers/vdb/vdb-tidb-vector","vdb-tidb-vector",,,"2026-06-04 22:03:03","WSL_HOME"
"/home/hyun02063185/dify/api/providers/vdb/vdb-tidb-vector/tests","tests",,,"2026-06-04 22:03:03","WSL_HOME"
"/home/hyun02063185/dify/api/providers/vdb/vdb-tidb-vector/src","src",,,"2026-06-04 22:03:03","WSL_HOME"
"/home/hyun02063185/dify/api/providers/vdb/vdb-iris","vdb-iris",,,"2026-06-04 22:03:03","WSL_HOME"
"/home/hyun02063185/dify/api/providers/vdb/vdb-iris/tests","tests",,,"2026-06-04 22:03:03","WSL_HOME"
"/home/hyun02063185/dify/api/providers/vdb/vdb-iris/src","src",,,"2026-06-04 22:03:03","WSL_HOME"
"/home/hyun02063185/dify/api/configs","configs",,,"2026-06-04 22:03:03","WSL_HOME"
"/home/hyun02063185/dify/api/configs/remote_settings_sources","remote_settings_sources",,,"2026-06-04 22:03:03","WSL_HOME"
"/home/hyun02063185/dify/api/configs/remote_settings_sources/apollo","apollo",,,"2026-06-04 22:03:03","WSL_HOME"
"/home/hyun02063185/dify/api/configs/remote_settings_sources/nacos","nacos",,,"2026-06-04 22:03:03","WSL_HOME"
"/home/hyun02063185/dify/api/configs/observability","observability",,,"2026-06-04 22:03:03","WSL_HOME"
"/home/hyun02063185/dify/api/configs/observability/otel","otel",,,"2026-06-04 22:03:03","WSL_HOME"
"/home/hyun02063185/dify/api/configs/deploy","deploy",,,"2026-06-04 22:03:03","WSL_HOME"
"/home/hyun02063185/dify/api/configs/extra","extra",,,"2026-06-04 22:03:03","WSL_HOME"
"/home/hyun02063185/dify/api/configs/feature","feature",,,"2026-06-04 22:03:03","WSL_HOME"
"/home/hyun02063185/dify/api/configs/feature/hosted_service","hosted_service",,,"2026-06-04 22:03:03","WSL_HOME"
"/home/hyun02063185/dify/api/configs/packaging","packaging",,,"2026-06-04 22:03:03","WSL_HOME"
"/home/hyun02063185/dify/api/configs/enterprise","enterprise",,,"2026-06-04 22:03:03","WSL_HOME"
"/home/hyun02063185/dify/api/configs/middleware","middleware",,,"2026-06-04 22:03:03","WSL_HOME"
"/home/hyun02063185/dify/api/configs/middleware/storage","storage",,,"2026-06-04 22:03:03","WSL_HOME"
"/home/hyun02063185/dify/api/configs/middleware/vdb","vdb",,,"2026-06-04 22:03:03","WSL_HOME"
"/home/hyun02063185/dify/api/configs/middleware/cache","cache",,,"2026-06-04 22:03:03","WSL_HOME"
"/home/hyun02063185/dify/api/models","models",,,"2026-06-04 22:03:03","WSL_HOME"
"/home/hyun02063185/dify/api/models/utils","utils",,,"2026-06-04 22:03:03","WSL_HOME"
"/home/hyun02063185/dify/api/contexts","contexts",,,"2026-06-04 22:03:03","WSL_HOME"
"/home/hyun02063185/dify/api/core","core",,,"2026-06-04 22:03:03","WSL_HOME"
"/home/hyun02063185/dify/api/core/callback_handler","callback_handler",,,"2026-06-04 22:03:03","WSL_HOME"
"/home/hyun02063185/dify/api/core/entities","entities",,,"2026-06-04 22:03:03","WSL_HOME"
"/home/hyun02063185/dify/api/core/memory","memory",,,"2026-06-04 22:03:03","WSL_HOME"
"/home/hyun02063185/dify/api/core/moderation","moderation",,,"2026-06-04 22:03:03","WSL_HOME"
"/home/hyun02063185/dify/api/core/moderation/api","api",,,"2026-06-04 22:03:03","WSL_HOME"
"/home/hyun02063185/dify/api/core/moderation/keywords","keywords",,,"2026-06-04 22:03:03","WSL_HOME"
"/home/hyun02063185/dify/api/core/moderation/openai_moderation","openai_moderation",,,"2026-06-04 22:03:03","WSL_HOME"
"/home/hyun02063185/dify/api/core/prompt","prompt",,,"2026-06-04 22:03:03","WSL_HOME"
"/home/hyun02063185/dify/api/core/prompt/entities","entities",,,"2026-06-04 22:03:03","WSL_HOME"
"/home/hyun02063185/dify/api/core/prompt/utils","utils",,,"2026-06-04 22:03:03","WSL_HOME"
"/home/hyun02063185/dify/api/core/prompt/prompt_templates","prompt_templates",,,"2026-06-04 22:03:03","WSL_HOME"
"/home/hyun02063185/dify/api/core/rag","rag",,,"2026-06-04 22:03:03","WSL_HOME"
"/home/hyun02063185/dify/api/core/rag/entities","entities",,,"2026-06-04 22:03:03","WSL_HOME"
"/home/hyun02063185/dify/api/core/rag/pipeline","pipeline",,,"2026-06-04 22:03:03","WSL_HOME"
"/home/hyun02063185/dify/api/core/rag/retrieval","retrieval",,,"2026-06-04 22:03:03","WSL_HOME"
"/home/hyun02063185/dify/api/core/rag/retrieval/output_parser","output_parser",,,"2026-06-04 22:03:03","WSL_HOME"
"/home/hyun02063185/dify/api/core/rag/retrieval/router","router",,,"2026-06-04 22:03:03","WSL_HOME"
"/home/hyun02063185/dify/api/core/rag/embedding","embedding",,,"2026-06-04 22:03:03","WSL_HOME"
"/home/hyun02063185/dify/api/core/rag/rerank","rerank",,,"2026-06-04 22:03:03","WSL_HOME"
"/home/hyun02063185/dify/api/core/rag/rerank/entity","entity",,,"2026-06-04 22:03:03","WSL_HOME"
"/home/hyun02063185/dify/api/core/rag/summary_index","summary_index",,,"2026-06-04 22:03:03","WSL_HOME"
"/home/hyun02063185/dify/api/core/rag/datasource","datasource",,,"2026-06-04 22:03:03","WSL_HOME"
"/home/hyun02063185/dify/api/core/rag/datasource/vdb","vdb",,,"2026-06-04 22:03:03","WSL_HOME"
"/home/hyun02063185/dify/api/core/rag/datasource/keyword","keyword",,,"2026-06-04 22:03:03","WSL_HOME"
"/home/hyun02063185/dify/api/core/rag/splitter","splitter",,,"2026-06-04 22:03:03","WSL_HOME"
"/home/hyun02063185/dify/api/core/rag/index_processor","index_processor",,,"2026-06-04 22:03:03","WSL_HOME"
"/home/hyun02063185/dify/api/core/rag/index_processor/constant","constant",,,"2026-06-04 22:03:03","WSL_HOME"
"/home/hyun02063185/dify/api/core/rag/index_processor/processor","processor",,,"2026-06-04 22:03:03","WSL_HOME"
"/home/hyun02063185/dify/api/core/rag/data_post_processor","data_post_processor",,,"2026-06-04 22:03:03","WSL_HOME"
"/home/hyun02063185/dify/api/core/rag/cleaner","cleaner",,,"2026-06-04 22:03:03","WSL_HOME"
"/home/hyun02063185/dify/api/core/rag/extractor","extractor",,,"2026-06-04 22:03:03","WSL_HOME"
"/home/hyun02063185/dify/api/core/rag/extractor/unstructured","unstructured",,,"2026-06-04 22:03:03","WSL_HOME"
"/home/hyun02063185/dify/api/core/rag/extractor/blob","blob",,,"2026-06-04 22:03:03","WSL_HOME"
"/home/hyun02063185/dify/api/core/rag/extractor/firecrawl","firecrawl",,,"2026-06-04 22:03:03","WSL_HOME"
"/home/hyun02063185/dify/api/core/rag/extractor/watercrawl","watercrawl",,,"2026-06-04 22:03:03","WSL_HOME"
"/home/hyun02063185/dify/api/core/rag/extractor/entity","entity",,,"2026-06-04 22:03:03","WSL_HOME"
"/home/hyun02063185/dify/api/core/rag/models","models",,,"2026-06-04 22:03:03","WSL_HOME"
"/home/hyun02063185/dify/api/core/rag/docstore","docstore",,,"2026-06-04 22:03:03","WSL_HOME"
"/home/hyun02063185/dify/api/core/datasource","datasource",,,"2026-06-04 22:03:03","WSL_HOME"
"/home/hyun02063185/dify/api/core/datasource/__base","__base",,,"2026-06-04 22:03:03","WSL_HOME"
"/home/hyun02063185/dify/api/core/datasource/entities","entities",,,"2026-06-04 22:03:03","WSL_HOME"
"/home/hyun02063185/dify/api/core/datasource/online_document","online_document",,,"2026-06-04 22:03:03","WSL_HOME"
"/home/hyun02063185/dify/api/core/datasource/local_file","local_file",,,"2026-06-04 22:03:03","WSL_HOME"
"/home/hyun02063185/dify/api/core/datasource/website_crawl","website_crawl",,,"2026-06-04 22:03:03","WSL_HOME"
"/home/hyun02063185/dify/api/core/datasource/utils","utils",,,"2026-06-04 22:03:03","WSL_HOME"
"/home/hyun02063185/dify/api/core/datasource/online_drive","online_drive",,,"2026-06-04 22:03:03","WSL_HOME"
"/home/hyun02063185/dify/api/core/base","base",,,"2026-06-04 22:03:03","WSL_HOME"
"/home/hyun02063185/dify/api/core/base/tts","tts",,,"2026-06-04 22:03:03","WSL_HOME"
"/home/hyun02063185/dify/api/core/app","app",,,"2026-06-04 22:03:03","WSL_HOME"
"/home/hyun02063185/dify/api/core/app/features","features",,,"2026-06-04 22:03:03","WSL_HOME"
"/home/hyun02063185/dify/api/core/app/features/hosting_moderation","hosting_moderation",,,"2026-06-04 22:03:03","WSL_HOME"
"/home/hyun02063185/dify/api/core/app/features/annotation_reply","annotation_reply",,,"2026-06-04 22:03:03","WSL_HOME"
"/home/hyun02063185/dify/api/core/app/features/rate_limiting","rate_limiting",,,"2026-06-04 22:03:03","WSL_HOME"
"/home/hyun02063185/dify/api/core/app/entities","entities",,,"2026-06-04 22:03:03","WSL_HOME"
"/home/hyun02063185/dify/api/core/app/layers","layers",,,"2026-06-04 22:03:03","WSL_HOME"
"/home/hyun02063185/dify/api/core/app/app_config","app_config",,,"2026-06-04 22:03:03","WSL_HOME"
"/home/hyun02063185/dify/api/core/app/app_config/features","features",,,"2026-06-04 22:03:03","WSL_HOME"
"/home/hyun02063185/dify/api/core/app/app_config/workflow_ui_based_app","workflow_ui_based_app",,,"2026-06-04 22:03:03","WSL_HOME"
"/home/hyun02063185/dify/api/core/app/app_config/easy_ui_based_app","easy_ui_based_app",,,"2026-06-04 22:03:03","WSL_HOME"
"/home/hyun02063185/dify/api/core/app/app_config/common","common",,,"2026-06-04 22:03:03","WSL_HOME"
"/home/hyun02063185/dify/api/core/app/file_access","file_access",,,"2026-06-04 22:03:03","WSL_HOME"
"/home/hyun02063185/dify/api/core/app/workflow","workflow",,,"2026-06-04 22:03:03","WSL_HOME"
"/home/hyun02063185/dify/api/core/app/workflow/layers","layers",,,"2026-06-04 22:03:03","WSL_HOME"
"/home/hyun02063185/dify/api/core/app/apps","apps",,,"2026-06-04 22:03:03","WSL_HOME"
"/home/hyun02063185/dify/api/core/app/apps/pipeline","pipeline",,,"2026-06-04 22:03:03","WSL_HOME"
"/home/hyun02063185/dify/api/core/app/apps/completion","completion",,,"2026-06-04 22:03:03","WSL_HOME"
"/home/hyun02063185/dify/api/core/app/apps/agent_app","agent_app",,,"2026-06-04 22:03:03","WSL_HOME"
"/home/hyun02063185/dify/api/core/app/apps/common","common",,,"2026-06-04 22:03:03","WSL_HOME"
"/home/hyun02063185/dify/api/core/app/apps/workflow","workflow",,,"2026-06-04 22:03:03","WSL_HOME"
"/home/hyun02063185/dify/api/core/app/apps/chat","chat",,,"2026-06-04 22:03:03","WSL_HOME"
"/home/hyun02063185/dify/api/core/app/apps/advanced_chat","advanced_chat",,,"2026-06-04 22:03:03","WSL_HOME"
"/home/hyun02063185/dify/api/core/app/apps/agent_chat","agent_chat",,,"2026-06-04 22:03:03","WSL_HOME"
"/home/hyun02063185/dify/api/core/app/task_pipeline","task_pipeline",,,"2026-06-04 22:03:03","WSL_HOME"
"/home/hyun02063185/dify/api/core/app/llm","llm",,,"2026-06-04 22:03:03","WSL_HOME"
"/home/hyun02063185/dify/api/core/llm_generator","llm_generator",,,"2026-06-04 22:03:03","WSL_HOME"
"/home/hyun02063185/dify/api/core/llm_generator/output_parser","output_parser",,,"2026-06-04 22:03:03","WSL_HOME"
"/home/hyun02063185/dify/api/core/mcp","mcp",,,"2026-06-04 22:03:03","WSL_HOME"
"/home/hyun02063185/dify/api/core/mcp/session","session",,,"2026-06-04 22:03:03","WSL_HOME"
"/home/hyun02063185/dify/api/core/mcp/server","server",,,"2026-06-04 22:03:03","WSL_HOME"
"/home/hyun02063185/dify/api/core/mcp/client","client",,,"2026-06-04 22:03:03","WSL_HOME"
"/home/hyun02063185/dify/api/core/mcp/auth","auth",,,"2026-06-04 22:03:03","WSL_HOME"
"/home/hyun02063185/dify/api/core/repositories","repositories",,,"2026-06-04 22:03:03","WSL_HOME"
"/home/hyun02063185/dify/api/core/file","file",,,"2026-06-04 22:03:03","WSL_HOME"
"/home/hyun02063185/dify/api/core/ops","ops",,,"2026-06-04 22:03:03","WSL_HOME"
"/home/hyun02063185/dify/api/core/ops/entities","entities",,,"2026-06-04 22:03:03","WSL_HOME"
"/home/hyun02063185/dify/api/core/tools","tools",,,"2026-06-04 22:03:03","WSL_HOME"
"/home/hyun02063185/dify/api/core/tools/workflow_as_tool","workflow_as_tool",,,"2026-06-04 22:03:03","WSL_HOME"
"/home/hyun02063185/dify/api/core/tools/__base","__base",,,"2026-06-04 22:03:03","WSL_HOME"
"/home/hyun02063185/dify/api/core/tools/entities","entities",,,"2026-06-04 22:03:03","WSL_HOME"
"/home/hyun02063185/dify/api/core/tools/utils","utils",,,"2026-06-04 22:03:03","WSL_HOME"
"/home/hyun02063185/dify/api/core/tools/utils/dataset_retriever","dataset_retriever",,,"2026-06-04 22:03:03","WSL_HOME"
"/home/hyun02063185/dify/api/core/tools/plugin_tool","plugin_tool",,,"2026-06-04 22:03:03","WSL_HOME"
"/home/hyun02063185/dify/api/core/tools/mcp_tool","mcp_tool",,,"2026-06-04 22:03:03","WSL_HOME"
"/home/hyun02063185/dify/api/core/tools/custom_tool","custom_tool",,,"2026-06-04 22:03:03","WSL_HOME"
"/home/hyun02063185/dify/api/core/tools/builtin_tool","builtin_tool",,,"2026-06-04 22:03:03","WSL_HOME"
"/home/hyun02063185/dify/api/core/tools/builtin_tool/providers","providers",,,"2026-06-04 22:03:03","WSL_HOME"
"/home/hyun02063185/dify/api/core/errors","errors",,,"2026-06-04 22:03:03","WSL_HOME"
"/home/hyun02063185/dify/api/core/workflow","workflow",,,"2026-06-04 22:03:03","WSL_HOME"
"/home/hyun02063185/dify/api/core/workflow/nodes","nodes",,,"2026-06-04 22:03:03","WSL_HOME"
"/home/hyun02063185/dify/api/core/workflow/nodes/agent_v2","agent_v2",,,"2026-06-04 22:03:03","WSL_HOME"
"/home/hyun02063185/dify/api/core/workflow/nodes/knowledge_index","knowledge_index",,,"2026-06-04 22:03:03","WSL_HOME"
"/home/hyun02063185/dify/api/core/workflow/nodes/datasource","datasource",,,"2026-06-04 22:03:03","WSL_HOME"
"/home/hyun02063185/dify/api/core/workflow/nodes/trigger_schedule","trigger_schedule",,,"2026-06-04 22:03:03","WSL_HOME"
"/home/hyun02063185/dify/api/core/workflow/nodes/agent","agent",,,"2026-06-04 22:03:03","WSL_HOME"
"/home/hyun02063185/dify/api/core/workflow/nodes/trigger_plugin","trigger_plugin",,,"2026-06-04 22:03:03","WSL_HOME"
"/home/hyun02063185/dify/api/core/workflow/nodes/trigger_webhook","trigger_webhook",,,"2026-06-04 22:03:03","WSL_HOME"
"/home/hyun02063185/dify/api/core/workflow/nodes/knowledge_retrieval","knowledge_retrieval",,,"2026-06-04 22:03:03","WSL_HOME"
"/home/hyun02063185/dify/api/core/workflow/generator","generator",,,"2026-06-04 22:03:03","WSL_HOME"
"/home/hyun02063185/dify/api/core/workflow/generator/prompts","prompts",,,"2026-06-04 22:03:03","WSL_HOME"
"/home/hyun02063185/dify/api/core/logging","logging",,,"2026-06-04 22:03:03","WSL_HOME"
"/home/hyun02063185/dify/api/core/agent","agent",,,"2026-06-04 22:03:03","WSL_HOME"
"/home/hyun02063185/dify/api/core/agent/prompt","prompt",,,"2026-06-04 22:03:03","WSL_HOME"
"/home/hyun02063185/dify/api/core/agent/strategy","strategy",,,"2026-06-04 22:03:03","WSL_HOME"
"/home/hyun02063185/dify/api/core/agent/output_parser","output_parser",,,"2026-06-04 22:03:03","WSL_HOME"
"/home/hyun02063185/dify/api/core/external_data_tool","external_data_tool",,,"2026-06-04 22:03:03","WSL_HOME"
"/home/hyun02063185/dify/api/core/external_data_tool/api","api",,,"2026-06-04 22:03:03","WSL_HOME"
"/home/hyun02063185/dify/api/core/trigger","trigger",,,"2026-06-04 22:03:03","WSL_HOME"
"/home/hyun02063185/dify/api/core/trigger/entities","entities",,,"2026-06-04 22:03:03","WSL_HOME"
"/home/hyun02063185/dify/api/core/trigger/utils","utils",,,"2026-06-04 22:03:03","WSL_HOME"
"/home/hyun02063185/dify/api/core/trigger/debug","debug",,,"2026-06-04 22:03:03","WSL_HOME"
"/home/hyun02063185/dify/api/core/plugin","plugin",,,"2026-06-04 22:03:03","WSL_HOME"
"/home/hyun02063185/dify/api/core/plugin/entities","entities",,,"2026-06-04 22:03:03","WSL_HOME"
"/home/hyun02063185/dify/api/core/plugin/endpoint","endpoint",,,"2026-06-04 22:03:03","WSL_HOME"
"/home/hyun02063185/dify/api/core/plugin/utils","utils",,,"2026-06-04 22:03:03","WSL_HOME"
"/home/hyun02063185/dify/api/core/plugin/impl","impl",,,"2026-06-04 22:03:03","WSL_HOME"
"/home/hyun02063185/dify/api/core/plugin/backwards_invocation","backwards_invocation",,,"2026-06-04 22:03:03","WSL_HOME"
"/home/hyun02063185/dify/api/core/db","db",,,"2026-06-04 22:03:03","WSL_HOME"
"/home/hyun02063185/dify/api/core/telemetry","telemetry",,,"2026-06-04 22:03:03","WSL_HOME"
"/home/hyun02063185/dify/api/core/schemas","schemas",,,"2026-06-04 22:03:03","WSL_HOME"
"/home/hyun02063185/dify/api/core/schemas/builtin","builtin",,,"2026-06-04 22:03:03","WSL_HOME"
"/home/hyun02063185/dify/api/core/schemas/builtin/schemas","schemas",,,"2026-06-04 22:03:03","WSL_HOME"
"/home/hyun02063185/dify/api/core/helper","helper",,,"2026-06-04 22:03:03","WSL_HOME"
"/home/hyun02063185/dify/api/core/helper/code_executor","code_executor",,,"2026-06-04 22:03:03","WSL_HOME"
"/home/hyun02063185/dify/api/core/helper/code_executor/javascript","javascript",,,"2026-06-04 22:03:03","WSL_HOME"
"/home/hyun02063185/dify/api/core/helper/code_executor/python3","python3",,,"2026-06-04 22:03:03","WSL_HOME"
"/home/hyun02063185/dify/api/core/helper/code_executor/jinja2","jinja2",,,"2026-06-04 22:03:03","WSL_HOME"
"/home/hyun02063185/dify/api/core/extension","extension",,,"2026-06-04 22:03:03","WSL_HOME"
"/home/hyun02063185/dify/api/clients","clients",,,"2026-06-04 22:03:03","WSL_HOME"
"/home/hyun02063185/dify/api/clients/agent_backend","agent_backend",,,"2026-06-04 22:03:03","WSL_HOME"
"/home/hyun02063185/dify/api/context","context",,,"2026-06-04 22:03:03","WSL_HOME"
"/home/hyun02063185/dify/api/templates","templates",,,"2026-06-04 22:03:03","WSL_HOME"
"/home/hyun02063185/dify/api/templates/without-brand","without-brand",,,"2026-06-04 22:03:03","WSL_HOME"
"/home/hyun02063185/dify/sdks","sdks",,,"2026-06-04 22:03:04","WSL_HOME"
"/home/hyun02063185/dify/sdks/nodejs-client","nodejs-client",,,"2026-06-05 22:38:24","WSL_HOME"
"/home/hyun02063185/dify/sdks/nodejs-client/tests","tests",,,"2026-06-04 22:03:04","WSL_HOME"
"/home/hyun02063185/dify/sdks/nodejs-client/scripts","scripts",,,"2026-06-04 22:03:04","WSL_HOME"
"/home/hyun02063185/dify/sdks/nodejs-client/src","src",,,"2026-06-04 22:03:04","WSL_HOME"
"/home/hyun02063185/dify/sdks/nodejs-client/src/http","http",,,"2026-06-04 22:03:04","WSL_HOME"
"/home/hyun02063185/dify/sdks/nodejs-client/src/errors","errors",,,"2026-06-04 22:03:04","WSL_HOME"
"/home/hyun02063185/dify/sdks/nodejs-client/src/types","types",,,"2026-06-04 22:03:04","WSL_HOME"
"/home/hyun02063185/dify/sdks/nodejs-client/src/client","client",,,"2026-06-04 22:03:04","WSL_HOME"
"/home/hyun02063185/dify/sdks/nodejs-client/src/internal","internal",,,"2026-06-04 22:03:04","WSL_HOME"
"/home/hyun02063185/dify/sdks/php-client","php-client",,,"2026-06-04 22:03:04","WSL_HOME"
"/home/hyun02063185/dify/packages","packages",,,"2026-06-04 22:03:04","WSL_HOME"
"/home/hyun02063185/dify/packages/tsconfig","tsconfig",,,"2026-06-04 22:03:04","WSL_HOME"
"/home/hyun02063185/dify/packages/dev-proxy","dev-proxy",,,"2026-06-05 22:38:28","WSL_HOME"
"/home/hyun02063185/dify/packages/dev-proxy/bin","bin",,,"2026-06-04 22:03:04","WSL_HOME"
"/home/hyun02063185/dify/packages/dev-proxy/src","src",,,"2026-06-04 22:03:04","WSL_HOME"
"/home/hyun02063185/dify/packages/dify-ui","dify-ui",,,"2026-06-05 22:38:24","WSL_HOME"
"/home/hyun02063185/dify/packages/dify-ui/src","src",,,"2026-06-04 22:03:04","WSL_HOME"
"/home/hyun02063185/dify/packages/dify-ui/src/segmented-control","segmented-control",,,"2026-06-04 22:03:04","WSL_HOME"
"/home/hyun02063185/dify/packages/dify-ui/src/segmented-control/__tests__","__tests__",,,"2026-06-04 22:03:04","WSL_HOME"
"/home/hyun02063185/dify/packages/dify-ui/src/dialog","dialog",,,"2026-06-04 22:03:04","WSL_HOME"
"/home/hyun02063185/dify/packages/dify-ui/src/dialog/__tests__","__tests__",,,"2026-06-04 22:03:04","WSL_HOME"
"/home/hyun02063185/dify/packages/dify-ui/src/button","button",,,"2026-06-04 22:03:04","WSL_HOME"
"/home/hyun02063185/dify/packages/dify-ui/src/button/__tests__","__tests__",,,"2026-06-04 22:03:04","WSL_HOME"
"/home/hyun02063185/dify/packages/dify-ui/src/dropdown-menu","dropdown-menu",,,"2026-06-04 22:03:04","WSL_HOME"
"/home/hyun02063185/dify/packages/dify-ui/src/dropdown-menu/__tests__","__tests__",,,"2026-06-04 22:03:04","WSL_HOME"
"/home/hyun02063185/dify/packages/dify-ui/src/status-dot","status-dot",,,"2026-06-04 22:03:04","WSL_HOME"
"/home/hyun02063185/dify/packages/dify-ui/src/status-dot/__tests__","__tests__",,,"2026-06-04 22:03:04","WSL_HOME"
"/home/hyun02063185/dify/packages/dify-ui/src/form","form",,,"2026-06-04 22:03:04","WSL_HOME"
"/home/hyun02063185/dify/packages/dify-ui/src/form/__tests__","__tests__",,,"2026-06-04 22:03:04","WSL_HOME"
"/home/hyun02063185/dify/packages/dify-ui/src/alert-dialog","alert-dialog",,,"2026-06-04 22:03:04","WSL_HOME"
"/home/hyun02063185/dify/packages/dify-ui/src/alert-dialog/__tests__","__tests__",,,"2026-06-04 22:03:04","WSL_HOME"
"/home/hyun02063185/dify/packages/dify-ui/src/tooltip","tooltip",,,"2026-06-04 22:03:04","WSL_HOME"
"/home/hyun02063185/dify/packages/dify-ui/src/tooltip/__tests__","__tests__",,,"2026-06-04 22:03:04","WSL_HOME"
"/home/hyun02063185/dify/packages/dify-ui/src/field","field",,,"2026-06-04 22:03:04","WSL_HOME"
"/home/hyun02063185/dify/packages/dify-ui/src/field/__tests__","__tests__",,,"2026-06-04 22:03:04","WSL_HOME"
"/home/hyun02063185/dify/packages/dify-ui/src/context-menu","context-menu",,,"2026-06-04 22:03:04","WSL_HOME"
"/home/hyun02063185/dify/packages/dify-ui/src/context-menu/__tests__","__tests__",,,"2026-06-04 22:03:04","WSL_HOME"
"/home/hyun02063185/dify/packages/dify-ui/src/select","select",,,"2026-06-04 22:03:04","WSL_HOME"
"/home/hyun02063185/dify/packages/dify-ui/src/select/__tests__","__tests__",,,"2026-06-04 22:03:04","WSL_HOME"
"/home/hyun02063185/dify/packages/dify-ui/src/meter","meter",,,"2026-06-04 22:03:04","WSL_HOME"
"/home/hyun02063185/dify/packages/dify-ui/src/meter/__tests__","__tests__",,,"2026-06-04 22:03:04","WSL_HOME"
"/home/hyun02063185/dify/packages/dify-ui/src/checkbox","checkbox",,,"2026-06-04 22:03:04","WSL_HOME"
"/home/hyun02063185/dify/packages/dify-ui/src/checkbox/__tests__","__tests__",,,"2026-06-04 22:03:04","WSL_HOME"
"/home/hyun02063185/dify/packages/dify-ui/src/number-field","number-field",,,"2026-06-04 22:03:04","WSL_HOME"
"/home/hyun02063185/dify/packages/dify-ui/src/number-field/__tests__","__tests__",,,"2026-06-04 22:03:04","WSL_HOME"
"/home/hyun02063185/dify/packages/dify-ui/src/pagination","pagination",,,"2026-06-04 22:03:04","WSL_HOME"
"/home/hyun02063185/dify/packages/dify-ui/src/pagination/__tests__","__tests__",,,"2026-06-04 22:03:04","WSL_HOME"
"/home/hyun02063185/dify/packages/dify-ui/src/checkbox-group","checkbox-group",,,"2026-06-04 22:03:04","WSL_HOME"
"/home/hyun02063185/dify/packages/dify-ui/src/checkbox-group/__tests__","__tests__",,,"2026-06-04 22:03:04","WSL_HOME"
"/home/hyun02063185/dify/packages/dify-ui/src/toast","toast",,,"2026-06-04 22:03:04","WSL_HOME"
"/home/hyun02063185/dify/packages/dify-ui/src/toast/__tests__","__tests__",,,"2026-06-04 22:03:04","WSL_HOME"
"/home/hyun02063185/dify/packages/dify-ui/src/switch","switch",,,"2026-06-04 22:03:04","WSL_HOME"
"/home/hyun02063185/dify/packages/dify-ui/src/switch/__tests__","__tests__",,,"2026-06-04 22:03:04","WSL_HOME"
"/home/hyun02063185/dify/packages/dify-ui/src/preview-card","preview-card",,,"2026-06-04 22:03:04","WSL_HOME"
"/home/hyun02063185/dify/packages/dify-ui/src/preview-card/__tests__","__tests__",,,"2026-06-04 22:03:04","WSL_HOME"
"/home/hyun02063185/dify/packages/dify-ui/src/plugins","plugins",,,"2026-06-04 22:03:04","WSL_HOME"
"/home/hyun02063185/dify/packages/dify-ui/src/fieldset","fieldset",,,"2026-06-04 22:03:04","WSL_HOME"
"/home/hyun02063185/dify/packages/dify-ui/src/fieldset/__tests__","__tests__",,,"2026-06-04 22:03:04","WSL_HOME"
"/home/hyun02063185/dify/packages/dify-ui/src/textarea","textarea",,,"2026-06-04 22:03:04","WSL_HOME"
"/home/hyun02063185/dify/packages/dify-ui/src/textarea/__tests__","__tests__",,,"2026-06-04 22:03:04","WSL_HOME"
"/home/hyun02063185/dify/packages/dify-ui/src/slider","slider",,,"2026-06-04 22:03:04","WSL_HOME"
"/home/hyun02063185/dify/packages/dify-ui/src/slider/__tests__","__tests__",,,"2026-06-04 22:03:04","WSL_HOME"
"/home/hyun02063185/dify/packages/dify-ui/src/tabs","tabs",,,"2026-06-04 22:03:04","WSL_HOME"
"/home/hyun02063185/dify/packages/dify-ui/src/tabs/__tests__","__tests__",,,"2026-06-04 22:03:04","WSL_HOME"
"/home/hyun02063185/dify/packages/dify-ui/src/radio","radio",,,"2026-06-04 22:03:04","WSL_HOME"
"/home/hyun02063185/dify/packages/dify-ui/src/radio/__tests__","__tests__",,,"2026-06-04 22:03:04","WSL_HOME"
"/home/hyun02063185/dify/packages/dify-ui/src/themes","themes",,,"2026-06-04 22:03:04","WSL_HOME"
"/home/hyun02063185/dify/packages/dify-ui/src/drawer","drawer",,,"2026-06-04 22:03:04","WSL_HOME"
"/home/hyun02063185/dify/packages/dify-ui/src/drawer/__tests__","__tests__",,,"2026-06-04 22:03:04","WSL_HOME"
"/home/hyun02063185/dify/packages/dify-ui/src/styles","styles",,,"2026-06-04 22:03:04","WSL_HOME"
"/home/hyun02063185/dify/packages/dify-ui/src/kbd","kbd",,,"2026-06-04 22:03:04","WSL_HOME"
"/home/hyun02063185/dify/packages/dify-ui/src/kbd/__tests__","__tests__",,,"2026-06-04 22:03:04","WSL_HOME"
"/home/hyun02063185/dify/packages/dify-ui/src/avatar","avatar",,,"2026-06-04 22:03:04","WSL_HOME"
"/home/hyun02063185/dify/packages/dify-ui/src/avatar/__tests__","__tests__",,,"2026-06-04 22:03:04","WSL_HOME"
"/home/hyun02063185/dify/packages/dify-ui/src/scroll-area","scroll-area",,,"2026-06-04 22:03:04","WSL_HOME"
"/home/hyun02063185/dify/packages/dify-ui/src/scroll-area/__tests__","__tests__",,,"2026-06-04 22:03:04","WSL_HOME"
"/home/hyun02063185/dify/packages/dify-ui/src/popover","popover",,,"2026-06-04 22:03:04","WSL_HOME"
"/home/hyun02063185/dify/packages/dify-ui/src/popover/__tests__","__tests__",,,"2026-06-04 22:03:04","WSL_HOME"
"/home/hyun02063185/dify/packages/dify-ui/src/radio-group","radio-group",,,"2026-06-04 22:03:04","WSL_HOME"
"/home/hyun02063185/dify/packages/dify-ui/src/radio-group/__tests__","__tests__",,,"2026-06-04 22:03:04","WSL_HOME"
"/home/hyun02063185/dify/packages/dify-ui/src/input","input",,,"2026-06-04 22:03:04","WSL_HOME"
"/home/hyun02063185/dify/packages/dify-ui/src/input/__tests__","__tests__",,,"2026-06-04 22:03:04","WSL_HOME"
"/home/hyun02063185/dify/packages/dify-ui/src/combobox","combobox",,,"2026-06-04 22:03:04","WSL_HOME"
"/home/hyun02063185/dify/packages/dify-ui/src/combobox/__tests__","__tests__",,,"2026-06-04 22:03:04","WSL_HOME"
"/home/hyun02063185/dify/packages/dify-ui/src/progress","progress",,,"2026-06-04 22:03:04","WSL_HOME"
"/home/hyun02063185/dify/packages/dify-ui/src/progress/__tests__","__tests__",,,"2026-06-04 22:03:04","WSL_HOME"
"/home/hyun02063185/dify/packages/dify-ui/src/autocomplete","autocomplete",,,"2026-06-04 22:03:04","WSL_HOME"
"/home/hyun02063185/dify/packages/dify-ui/src/autocomplete/__tests__","__tests__",,,"2026-06-04 22:03:04","WSL_HOME"
"/home/hyun02063185/dify/packages/migrate-no-unchecked-indexed-access","migrate-no-unchecked-indexed-access",,,"2026-06-05 22:38:24","WSL_HOME"
"/home/hyun02063185/dify/packages/migrate-no-unchecked-indexed-access/bin","bin",,,"2026-06-04 22:03:04","WSL_HOME"
"/home/hyun02063185/dify/packages/migrate-no-unchecked-indexed-access/src","src",,,"2026-06-04 22:03:04","WSL_HOME"
"/home/hyun02063185/dify/packages/migrate-no-unchecked-indexed-access/src/no-unchecked-indexed-access","no-unchecked-indexed-access",,,"2026-06-04 22:03:04","WSL_HOME"
"/home/hyun02063185/dify/packages/contracts","contracts",,,"2026-06-05 22:38:24","WSL_HOME"
"/home/hyun02063185/dify/packages/contracts/generated","generated",,,"2026-06-04 22:03:04","WSL_HOME"
"/home/hyun02063185/dify/packages/contracts/generated/api","api",,,"2026-06-04 22:03:04","WSL_HOME"
"/home/hyun02063185/dify/packages/contracts/generated/api/console","console",,,"2026-06-04 22:03:04","WSL_HOME"
"/home/hyun02063185/dify/packages/contracts/generated/api/openapi","openapi",,,"2026-06-04 22:03:04","WSL_HOME"
"/home/hyun02063185/dify/packages/contracts/generated/api/service","service",,,"2026-06-04 22:03:04","WSL_HOME"
"/home/hyun02063185/dify/packages/contracts/generated/api/web","web",,,"2026-06-04 22:03:04","WSL_HOME"
"/home/hyun02063185/dify/packages/contracts/generated/enterprise","enterprise",,,"2026-06-04 22:03:04","WSL_HOME"
"/home/hyun02063185/dify/packages/iconify-collections","iconify-collections",,,"2026-06-05 22:38:24","WSL_HOME"
"/home/hyun02063185/dify/packages/iconify-collections/assets","assets",,,"2026-06-04 22:03:04","WSL_HOME"
"/home/hyun02063185/dify/packages/iconify-collections/assets/vender","vender",,,"2026-06-04 22:03:04","WSL_HOME"
"/home/hyun02063185/dify/packages/iconify-collections/assets/vender/features","features",,,"2026-06-04 22:03:04","WSL_HOME"
"/home/hyun02063185/dify/packages/iconify-collections/assets/vender/pipeline","pipeline",,,"2026-06-04 22:03:04","WSL_HOME"
"/home/hyun02063185/dify/packages/iconify-collections/assets/vender/line","line",,,"2026-06-04 22:03:04","WSL_HOME"
"/home/hyun02063185/dify/packages/iconify-collections/assets/vender/workflow","workflow",,,"2026-06-04 22:03:04","WSL_HOME"
"/home/hyun02063185/dify/packages/iconify-collections/assets/vender/solid","solid",,,"2026-06-04 22:03:04","WSL_HOME"
"/home/hyun02063185/dify/packages/iconify-collections/assets/vender/other","other",,,"2026-06-04 22:03:04","WSL_HOME"
"/home/hyun02063185/dify/packages/iconify-collections/assets/vender/plugin","plugin",,,"2026-06-04 22:03:04","WSL_HOME"
"/home/hyun02063185/dify/packages/iconify-collections/assets/vender/knowledge","knowledge",,,"2026-06-04 22:03:04","WSL_HOME"
"/home/hyun02063185/dify/packages/iconify-collections/assets/vender/system","system",,,"2026-06-04 22:03:04","WSL_HOME"
"/home/hyun02063185/dify/packages/iconify-collections/assets/public","public",,,"2026-06-04 22:03:04","WSL_HOME"
"/home/hyun02063185/dify/packages/iconify-collections/assets/public/tracing","tracing",,,"2026-06-04 22:03:04","WSL_HOME"
"/home/hyun02063185/dify/packages/iconify-collections/assets/public/files","files",,,"2026-06-04 22:03:04","WSL_HOME"
"/home/hyun02063185/dify/packages/iconify-collections/assets/public/thought","thought",,,"2026-06-04 22:03:04","WSL_HOME"
"/home/hyun02063185/dify/packages/iconify-collections/assets/public/model","model",,,"2026-06-04 22:03:04","WSL_HOME"
"/home/hyun02063185/dify/packages/iconify-collections/assets/public/education","education",,,"2026-06-04 22:03:04","WSL_HOME"
"/home/hyun02063185/dify/packages/iconify-collections/assets/public/common","common",,,"2026-06-04 22:03:04","WSL_HOME"
"/home/hyun02063185/dify/packages/iconify-collections/assets/public/billing","billing",,,"2026-06-04 22:03:04","WSL_HOME"
"/home/hyun02063185/dify/packages/iconify-collections/assets/public/plugins","plugins",,,"2026-06-04 22:03:04","WSL_HOME"
"/home/hyun02063185/dify/packages/iconify-collections/assets/public/other","other",,,"2026-06-04 22:03:04","WSL_HOME"
"/home/hyun02063185/dify/packages/iconify-collections/assets/public/knowledge","knowledge",,,"2026-06-04 22:03:04","WSL_HOME"
"/home/hyun02063185/dify/packages/iconify-collections/assets/public/avatar","avatar",,,"2026-06-04 22:03:04","WSL_HOME"
"/home/hyun02063185/dify/packages/iconify-collections/assets/public/llm","llm",,,"2026-06-04 22:03:04","WSL_HOME"
"/home/hyun02063185/dify/packages/iconify-collections/custom-public","custom-public",,,"2026-06-04 22:03:04","WSL_HOME"
"/home/hyun02063185/dify/packages/iconify-collections/scripts","scripts",,,"2026-06-04 22:03:04","WSL_HOME"
"/home/hyun02063185/dify/packages/iconify-collections/custom-vender","custom-vender",,,"2026-06-04 22:03:04","WSL_HOME"
"/home/hyun02063185/dify/dev","dev",,,"2026-06-04 22:03:04","WSL_HOME"
"/home/hyun02063185/dify/docker","docker",,,"2026-06-05 22:28:35","WSL_HOME"
"/home/hyun02063185/dify/docker/startupscripts","startupscripts",,,"2026-06-04 22:03:04","WSL_HOME"
"/home/hyun02063185/dify/docker/couchbase-server","couchbase-server",,,"2026-06-04 22:03:04","WSL_HOME"
"/home/hyun02063185/dify/docker/tidb","tidb",,,"2026-06-04 22:03:04","WSL_HOME"
"/home/hyun02063185/dify/docker/tidb/config","config",,,"2026-06-04 22:03:04","WSL_HOME"
"/home/hyun02063185/dify/docker/volumes","volumes",,,"2026-06-04 22:04:24","WSL_HOME"
"/home/hyun02063185/dify/docker/volumes/plugin_daemon","plugin_daemon",,,"2026-06-04 23:09:07","WSL_HOME"
"/home/hyun02063185/dify/docker/volumes/plugin_daemon/assets","assets",,,"2026-06-04 23:09:06","WSL_HOME"
"/home/hyun02063185/dify/docker/volumes/plugin_daemon/cwd","cwd",,,"2026-06-04 23:09:07","WSL_HOME"
"/home/hyun02063185/dify/docker/volumes/plugin_daemon/cwd/langgenius","langgenius",,,"2026-06-28 17:39:56","WSL_HOME"
"/home/hyun02063185/dify/docker/volumes/plugin_daemon/plugin","plugin",,,"2026-06-04 23:09:07","WSL_HOME"
"/home/hyun02063185/dify/docker/volumes/plugin_daemon/plugin/langgenius","langgenius",,,"2026-06-28 17:39:59","WSL_HOME"
"/home/hyun02063185/dify/docker/volumes/plugin_daemon/plugin_packages","plugin_packages",,,"2026-06-04 23:09:06","WSL_HOME"
"/home/hyun02063185/dify/docker/volumes/plugin_daemon/plugin_packages/langgenius","langgenius",,,"2026-06-28 17:39:56","WSL_HOME"
"/home/hyun02063185/dify/docker/volumes/oceanbase","oceanbase",,,"2026-06-04 22:03:04","WSL_HOME"
"/home/hyun02063185/dify/docker/volumes/oceanbase/init.d","init.d",,,"2026-06-04 22:03:04","WSL_HOME"
"/home/hyun02063185/dify/docker/volumes/redis","redis",,,"2026-06-04 22:04:21","WSL_HOME"
"/home/hyun02063185/dify/docker/volumes/redis/data","data",,,"2026-09-01 18:20:54","WSL_HOME"
"/home/hyun02063185/dify/docker/volumes/sandbox","sandbox",,,"2026-06-04 22:04:21","WSL_HOME"
"/home/hyun02063185/dify/docker/volumes/sandbox/conf","conf",,,"2026-06-04 22:03:04","WSL_HOME"
"/home/hyun02063185/dify/docker/volumes/sandbox/dependencies","dependencies",,,"2026-06-04 22:04:21","WSL_HOME"
"/home/hyun02063185/dify/docker/volumes/app","app",,,"2026-06-04 22:04:21","WSL_HOME"
"/home/hyun02063185/dify/docker/volumes/app/storage","storage",,,"2026-06-08 22:11:20","WSL_HOME"
"/home/hyun02063185/dify/docker/volumes/app/storage/upload_files","upload_files",,,"2026-06-05 22:00:47","WSL_HOME"
"/home/hyun02063185/dify/docker/volumes/app/storage/image_files","image_files",,,"2026-06-08 22:11:20","WSL_HOME"
"/home/hyun02063185/dify/docker/volumes/app/storage/privkeys","privkeys",,,"2026-06-04 22:15:58","WSL_HOME"
"/home/hyun02063185/dify/docker/volumes/weaviate","weaviate",,,"2026-08-07 22:00:22","WSL_HOME"
"/home/hyun02063185/dify/docker/volumes/weaviate/vector_index_a5fd8950_90eb_4fa7_8831_c4888296fa26_node","vector_index_a5fd8950_90eb_4fa7_8831_c4888296fa26_node",,,"2026-08-07 22:00:23","WSL_HOME"
"/home/hyun02063185/dify/docker/volumes/weaviate/vector_index_a5fd8950_90eb_4fa7_8831_c4888296fa26_node/zQLhcrER2C9h","zQLhcrER2C9h",,,"2026-09-01 10:39:26","WSL_HOME"
"/home/hyun02063185/dify/docker/volumes/weaviate/raft","raft",,,"2026-06-04 22:04:21","WSL_HOME"
"/home/hyun02063185/dify/docker/volumes/weaviate/raft/snapshots","snapshots",,,"2026-09-01 10:39:22","WSL_HOME"
"/home/hyun02063185/dify/docker/volumes/weaviate/vector_index_ccb3e046_9ec2_4e8a_86d4_af8b87fb170f_node","vector_index_ccb3e046_9ec2_4e8a_86d4_af8b87fb170f_node",,,"2026-06-13 17:06:19","WSL_HOME"
"/home/hyun02063185/dify/docker/volumes/weaviate/vector_index_ccb3e046_9ec2_4e8a_86d4_af8b87fb170f_node/K51231mSDXBY","K51231mSDXBY",,,"2026-09-01 10:39:25","WSL_HOME"
"/home/hyun02063185/dify/docker/volumes/weaviate/vector_index_ce788b58_6316_46a3_93db_f1849def8d4c_node","vector_index_ce788b58_6316_46a3_93db_f1849def8d4c_node",,,"2026-06-08 22:11:29","WSL_HOME"
"/home/hyun02063185/dify/docker/volumes/weaviate/vector_index_ce788b58_6316_46a3_93db_f1849def8d4c_node/7cyLU2nwPYq3","7cyLU2nwPYq3",,,"2026-09-01 10:39:26","WSL_HOME"
"/home/hyun02063185/dify/docker/volumes/weaviate/vector_index_ff79a7df_86dd_4476_acea_b66f6d2113b3_node","vector_index_ff79a7df_86dd_4476_acea_b66f6d2113b3_node",,,"2026-06-05 22:00:50","WSL_HOME"
"/home/hyun02063185/dify/docker/volumes/weaviate/vector_index_ff79a7df_86dd_4476_acea_b66f6d2113b3_node/kRydQatAJtSe","kRydQatAJtSe",,,"2026-09-01 10:39:26","WSL_HOME"
"/home/hyun02063185/dify/docker/volumes/weaviate/vector_index_ec0e6ebe_6694_4acb_a6a0_ecb71356845e_node","vector_index_ec0e6ebe_6694_4acb_a6a0_ecb71356845e_node",,,"2026-07-05 21:14:22","WSL_HOME"
"/home/hyun02063185/dify/docker/volumes/weaviate/vector_index_ec0e6ebe_6694_4acb_a6a0_ecb71356845e_node/lMdoo8n98yBo","lMdoo8n98yBo",,,"2026-09-01 10:39:25","WSL_HOME"
"/home/hyun02063185/dify/docker/volumes/weaviate/vector_index_a2971c4c_8a44_43d7_9609_4c6e960ccab2_node","vector_index_a2971c4c_8a44_43d7_9609_4c6e960ccab2_node",,,"2026-06-27 23:02:12","WSL_HOME"
"/home/hyun02063185/dify/docker/volumes/weaviate/vector_index_a2971c4c_8a44_43d7_9609_4c6e960ccab2_node/JHWQcLCxRIRE","JHWQcLCxRIRE",,,"2026-09-01 10:39:24","WSL_HOME"
"/home/hyun02063185/dify/docker/volumes/weaviate/vector_index_0318cd69_2b33_4e8d_bfc7_8a4eb195a5db_node","vector_index_0318cd69_2b33_4e8d_bfc7_8a4eb195a5db_node",,,"2026-06-28 17:26:14","WSL_HOME"
"/home/hyun02063185/dify/docker/volumes/weaviate/vector_index_0318cd69_2b33_4e8d_bfc7_8a4eb195a5db_node/vvWNftcXpZI5","vvWNftcXpZI5",,,"2026-09-01 10:39:25","WSL_HOME"
"/home/hyun02063185/dify/docker/volumes/myscale","myscale",,,"2026-06-04 22:03:04","WSL_HOME"
"/home/hyun02063185/dify/docker/volumes/myscale/config","config",,,"2026-06-04 22:03:04","WSL_HOME"
"/home/hyun02063185/dify/docker/volumes/myscale/config/users.d","users.d",,,"2026-06-04 22:03:04","WSL_HOME"
"/home/hyun02063185/dify/docker/volumes/certbot","certbot",,,"2026-06-04 22:04:24","WSL_HOME"
"/home/hyun02063185/dify/docker/volumes/certbot/www","www",,,"2026-06-04 22:04:24","WSL_HOME"
"/home/hyun02063185/dify/docker/volumes/certbot/conf","conf",,,"2026-06-04 22:04:24","WSL_HOME"
"/home/hyun02063185/dify/docker/volumes/certbot/conf/live","live",,,"2026-06-04 22:04:24","WSL_HOME"
"/home/hyun02063185/dify/docker/volumes/db","db",,,"2026-06-04 22:04:21","WSL_HOME"
"/home/hyun02063185/dify/docker/volumes/db/data","data",,,"2026-06-04 22:04:21","WSL_HOME"
"/home/hyun02063185/dify/docker/volumes/db/data/pgdata","pgdata",,,"2026-09-01 10:39:22","WSL_HOME"
"/home/hyun02063185/dify/docker/volumes/opensearch","opensearch",,,"2026-06-04 22:03:04","WSL_HOME"
"/home/hyun02063185/dify/docker/envs","envs",,,"2026-06-04 22:03:04","WSL_HOME"
"/home/hyun02063185/dify/docker/envs/core-services","core-services",,,"2026-06-04 22:03:04","WSL_HOME"
"/home/hyun02063185/dify/docker/envs/infrastructure","infrastructure",,,"2026-06-04 22:03:04","WSL_HOME"
"/home/hyun02063185/dify/docker/envs/vectorstores","vectorstores",,,"2026-06-04 22:03:04","WSL_HOME"
"/home/hyun02063185/dify/docker/envs/databases","databases",,,"2026-06-04 22:03:04","WSL_HOME"
"/home/hyun02063185/dify/docker/nginx","nginx",,,"2026-06-04 22:03:04","WSL_HOME"
"/home/hyun02063185/dify/docker/nginx/ssl","ssl",,,"2026-06-04 22:03:04","WSL_HOME"
"/home/hyun02063185/dify/docker/nginx/conf.d","conf.d",,,"2026-06-04 22:04:25","WSL_HOME"
"/home/hyun02063185/dify/docker/iris","iris",,,"2026-06-04 22:03:04","WSL_HOME"
"/home/hyun02063185/dify/docker/certbot","certbot",,,"2026-06-04 22:03:04","WSL_HOME"
"/home/hyun02063185/dify/docker/ssrf_proxy","ssrf_proxy",,,"2026-06-04 22:03:04","WSL_HOME"
"/home/hyun02063185/dify/docker/pgvector","pgvector",,,"2026-06-04 22:03:04","WSL_HOME"
"/home/hyun02063185/dify/docker/elasticsearch","elasticsearch",,,"2026-06-04 22:03:04","WSL_HOME"
"/home/hyun02063185/dify/cli","cli",,,"2026-06-05 22:38:24","WSL_HOME"
"/home/hyun02063185/dify/cli/bin","bin",,,"2026-06-04 22:03:04","WSL_HOME"
"/home/hyun02063185/dify/cli/test","test",,,"2026-06-04 22:03:04","WSL_HOME"
"/home/hyun02063185/dify/cli/test/scripts","scripts",,,"2026-06-04 22:03:04","WSL_HOME"
"/home/hyun02063185/dify/cli/test/fixtures","fixtures",,,"2026-06-04 22:03:04","WSL_HOME"
"/home/hyun02063185/dify/cli/test/fixtures/dify-mock","dify-mock",,,"2026-06-04 22:03:04","WSL_HOME"
"/home/hyun02063185/dify/cli/scripts","scripts",,,"2026-06-04 22:03:04","WSL_HOME"
"/home/hyun02063185/dify/cli/scripts/lib","lib",,,"2026-06-04 22:03:04","WSL_HOME"
"/home/hyun02063185/dify/cli/src","src",,,"2026-06-04 22:03:04","WSL_HOME"
"/home/hyun02063185/dify/cli/src/commands","commands",,,"2026-06-04 22:03:04","WSL_HOME"
"/home/hyun02063185/dify/cli/src/commands/create","create",,,"2026-06-04 22:03:04","WSL_HOME"
"/home/hyun02063185/dify/cli/src/commands/create/member","member",,,"2026-06-04 22:03:04","WSL_HOME"
"/home/hyun02063185/dify/cli/src/commands/get","get",,,"2026-06-04 22:03:04","WSL_HOME"
"/home/hyun02063185/dify/cli/src/commands/get/member","member",,,"2026-06-04 22:03:04","WSL_HOME"
"/home/hyun02063185/dify/cli/src/commands/get/app","app",,,"2026-06-04 22:03:04","WSL_HOME"
"/home/hyun02063185/dify/cli/src/commands/get/workspace","workspace",,,"2026-06-04 22:03:04","WSL_HOME"
"/home/hyun02063185/dify/cli/src/commands/run","run",,,"2026-06-04 22:03:04","WSL_HOME"
"/home/hyun02063185/dify/cli/src/commands/run/app","app",,,"2026-06-04 22:03:04","WSL_HOME"
"/home/hyun02063185/dify/cli/src/commands/env","env",,,"2026-06-04 22:03:04","WSL_HOME"
"/home/hyun02063185/dify/cli/src/commands/env/list","list",,,"2026-06-04 22:03:04","WSL_HOME"
"/home/hyun02063185/dify/cli/src/commands/config","config",,,"2026-06-04 22:03:04","WSL_HOME"
"/home/hyun02063185/dify/cli/src/commands/config/get","get",,,"2026-06-04 22:03:04","WSL_HOME"
"/home/hyun02063185/dify/cli/src/commands/config/unset","unset",,,"2026-06-04 22:03:04","WSL_HOME"
"/home/hyun02063185/dify/cli/src/commands/config/set","set",,,"2026-06-04 22:03:04","WSL_HOME"
"/home/hyun02063185/dify/cli/src/commands/config/view","view",,,"2026-06-04 22:03:04","WSL_HOME"
"/home/hyun02063185/dify/cli/src/commands/config/path","path",,,"2026-06-04 22:03:04","WSL_HOME"
"/home/hyun02063185/dify/cli/src/commands/set","set",,,"2026-06-04 22:03:04","WSL_HOME"
"/home/hyun02063185/dify/cli/src/commands/set/member","member",,,"2026-06-04 22:03:04","WSL_HOME"
"/home/hyun02063185/dify/cli/src/commands/use","use",,,"2026-06-04 22:03:04","WSL_HOME"
"/home/hyun02063185/dify/cli/src/commands/use/account","account",,,"2026-06-04 22:03:04","WSL_HOME"
"/home/hyun02063185/dify/cli/src/commands/use/host","host",,,"2026-06-04 22:03:04","WSL_HOME"
"/home/hyun02063185/dify/cli/src/commands/use/workspace","workspace",,,"2026-06-04 22:03:04","WSL_HOME"
"/home/hyun02063185/dify/cli/src/commands/version","version",,,"2026-06-04 22:03:04","WSL_HOME"
"/home/hyun02063185/dify/cli/src/commands/resume","resume",,,"2026-06-04 22:03:04","WSL_HOME"
"/home/hyun02063185/dify/cli/src/commands/resume/app","app",,,"2026-06-04 22:03:04","WSL_HOME"
"/home/hyun02063185/dify/cli/src/commands/_shared","_shared",,,"2026-06-04 22:03:04","WSL_HOME"
"/home/hyun02063185/dify/cli/src/commands/auth","auth",,,"2026-06-04 22:03:04","WSL_HOME"
"/home/hyun02063185/dify/cli/src/commands/auth/list","list",,,"2026-06-04 22:03:04","WSL_HOME"
"/home/hyun02063185/dify/cli/src/commands/auth/devices","devices",,,"2026-06-04 22:03:04","WSL_HOME"
"/home/hyun02063185/dify/cli/src/commands/auth/whoami","whoami",,,"2026-06-04 22:03:04","WSL_HOME"
"/home/hyun02063185/dify/cli/src/commands/auth/logout","logout",,,"2026-06-04 22:03:04","WSL_HOME"
"/home/hyun02063185/dify/cli/src/commands/auth/login","login",,,"2026-06-04 22:03:04","WSL_HOME"
"/home/hyun02063185/dify/cli/src/commands/delete","delete",,,"2026-06-04 22:03:04","WSL_HOME"
"/home/hyun02063185/dify/cli/src/commands/delete/member","member",,,"2026-06-04 22:03:04","WSL_HOME"
"/home/hyun02063185/dify/cli/src/commands/describe","describe",,,"2026-06-04 22:03:04","WSL_HOME"
"/home/hyun02063185/dify/cli/src/commands/describe/app","app",,,"2026-06-04 22:03:04","WSL_HOME"
"/home/hyun02063185/dify/cli/src/commands/skills","skills",,,"2026-06-04 22:03:04","WSL_HOME"
"/home/hyun02063185/dify/cli/src/commands/skills/install","install",,,"2026-06-04 22:03:04","WSL_HOME"
"/home/hyun02063185/dify/cli/src/api","api",,,"2026-06-04 22:03:04","WSL_HOME"
"/home/hyun02063185/dify/cli/src/env","env",,,"2026-06-04 22:03:04","WSL_HOME"
"/home/hyun02063185/dify/cli/src/framework","framework",,,"2026-06-04 22:03:04","WSL_HOME"
"/home/hyun02063185/dify/cli/src/http","http",,,"2026-06-04 22:03:04","WSL_HOME"
"/home/hyun02063185/dify/cli/src/config","config",,,"2026-06-04 22:03:04","WSL_HOME"
"/home/hyun02063185/dify/cli/src/util","util",,,"2026-06-04 22:03:04","WSL_HOME"
"/home/hyun02063185/dify/cli/src/help","help",,,"2026-06-04 22:03:04","WSL_HOME"
"/home/hyun02063185/dify/cli/src/errors","errors",,,"2026-06-04 22:03:04","WSL_HOME"
"/home/hyun02063185/dify/cli/src/version","version",,,"2026-06-04 22:03:04","WSL_HOME"
"/home/hyun02063185/dify/cli/src/types","types",,,"2026-06-04 22:03:04","WSL_HOME"
"/home/hyun02063185/dify/cli/src/cache","cache",,,"2026-06-04 22:03:04","WSL_HOME"
"/home/hyun02063185/dify/cli/src/limit","limit",,,"2026-06-04 22:03:04","WSL_HOME"
"/home/hyun02063185/dify/cli/src/workspace","workspace",,,"2026-06-04 22:03:04","WSL_HOME"
"/home/hyun02063185/dify/cli/src/auth","auth",,,"2026-06-04 22:03:04","WSL_HOME"
"/home/hyun02063185/dify/cli/src/sys","sys",,,"2026-06-04 22:03:04","WSL_HOME"
"/home/hyun02063185/dify/cli/src/sys/io","io",,,"2026-06-04 22:03:04","WSL_HOME"
"/home/hyun02063185/dify/cli/src/store","store",,,"2026-06-04 22:03:04","WSL_HOME"
"/home/hyun02063185/dify/e2e","e2e",,,"2026-06-05 22:38:24","WSL_HOME"
"/home/hyun02063185/dify/e2e/features","features",,,"2026-06-04 22:03:04","WSL_HOME"
"/home/hyun02063185/dify/e2e/features/smoke","smoke",,,"2026-06-04 22:03:04","WSL_HOME"
"/home/hyun02063185/dify/e2e/features/support","support",,,"2026-06-04 22:03:04","WSL_HOME"
"/home/hyun02063185/dify/e2e/features/apps","apps",,,"2026-06-04 22:03:04","WSL_HOME"
"/home/hyun02063185/dify/e2e/features/step-definitions","step-definitions",,,"2026-06-04 22:03:04","WSL_HOME"
"/home/hyun02063185/dify/e2e/features/step-definitions/smoke","smoke",,,"2026-06-04 22:03:04","WSL_HOME"
"/home/hyun02063185/dify/e2e/features/step-definitions/common","common",,,"2026-06-04 22:03:04","WSL_HOME"
"/home/hyun02063185/dify/e2e/features/step-definitions/apps","apps",,,"2026-06-04 22:03:04","WSL_HOME"
"/home/hyun02063185/dify/e2e/features/step-definitions/auth","auth",,,"2026-06-04 22:03:04","WSL_HOME"
"/home/hyun02063185/dify/e2e/features/auth","auth",,,"2026-06-04 22:03:04","WSL_HOME"
"/home/hyun02063185/dify/e2e/support","support",,,"2026-06-04 22:03:04","WSL_HOME"
"/home/hyun02063185/dify/e2e/scripts","scripts",,,"2026-06-04 22:03:04","WSL_HOME"
"/home/hyun02063185/dify/e2e/fixtures","fixtures",,,"2026-06-04 22:03:04","WSL_HOME"
"/home/hyun02063185/dify/docs","docs",,,"2026-06-04 22:03:04","WSL_HOME"
"/home/hyun02063185/dify/docs/fr-FR","fr-FR",,,"2026-06-04 22:03:04","WSL_HOME"
"/home/hyun02063185/dify/docs/vi-VN","vi-VN",,,"2026-06-04 22:03:04","WSL_HOME"
"/home/hyun02063185/dify/docs/tr-TR","tr-TR",,,"2026-06-04 22:03:04","WSL_HOME"
"/home/hyun02063185/dify/docs/ja-JP","ja-JP",,,"2026-06-04 22:03:04","WSL_HOME"
"/home/hyun02063185/dify/docs/it-IT","it-IT",,,"2026-06-04 22:03:04","WSL_HOME"
"/home/hyun02063185/dify/docs/hi-IN","hi-IN",,,"2026-06-04 22:03:04","WSL_HOME"
"/home/hyun02063185/dify/docs/ko-KR","ko-KR",,,"2026-06-04 22:03:04","WSL_HOME"
"/home/hyun02063185/dify/docs/de-DE","de-DE",,,"2026-06-04 22:03:04","WSL_HOME"
"/home/hyun02063185/dify/docs/design","design",,,"2026-06-04 22:03:04","WSL_HOME"
"/home/hyun02063185/dify/docs/design/human-in-the-loop","human-in-the-loop",,,"2026-06-04 22:03:04","WSL_HOME"
"/home/hyun02063185/dify/docs/cross-env-app-migration","cross-env-app-migration",,,"2026-06-04 22:03:04","WSL_HOME"
"/home/hyun02063185/dify/docs/pt-BR","pt-BR",,,"2026-06-04 22:03:04","WSL_HOME"
"/home/hyun02063185/dify/docs/bn-BD","bn-BD",,,"2026-06-04 22:03:04","WSL_HOME"
"/home/hyun02063185/dify/docs/zh-TW","zh-TW",,,"2026-06-04 22:03:04","WSL_HOME"
"/home/hyun02063185/dify/docs/weaviate","weaviate",,,"2026-06-04 22:03:04","WSL_HOME"
"/home/hyun02063185/dify/docs/weaviate/WEAVIATE_MIGRATION_GUIDE","WEAVIATE_MIGRATION_GUIDE",,,"2026-06-04 22:03:04","WSL_HOME"
"/home/hyun02063185/dify/docs/sl-SI","sl-SI",,,"2026-06-04 22:03:04","WSL_HOME"
"/home/hyun02063185/dify/docs/zh-CN","zh-CN",,,"2026-06-04 22:03:04","WSL_HOME"
"/home/hyun02063185/dify/docs/es-ES","es-ES",,,"2026-06-04 22:03:04","WSL_HOME"
"/home/hyun02063185/dify/docs/tlh","tlh",,,"2026-06-04 22:03:04","WSL_HOME"
"/home/hyun02063185/dify/docs/ar-SA","ar-SA",,,"2026-06-04 22:03:04","WSL_HOME"
"/home/hyun02063185/dify/scripts","scripts",,,"2026-06-04 22:03:04","WSL_HOME"
"/home/hyun02063185/dify/scripts/stress-test","stress-test",,,"2026-06-04 22:03:04","WSL_HOME"
"/home/hyun02063185/dify/scripts/stress-test/common","common",,,"2026-06-04 22:03:04","WSL_HOME"
"/home/hyun02063185/dify/scripts/stress-test/setup","setup",,,"2026-06-04 22:03:04","WSL_HOME"
"/home/hyun02063185/dify/scripts/stress-test/setup/dsl","dsl",,,"2026-06-04 22:03:04","WSL_HOME"
"/home/hyun02063185/dify/images","images",,,"2026-06-04 22:03:04","WSL_HOME"
"/home/hyun02063185/dify/dify-agent","dify-agent",,,"2026-06-04 22:03:04","WSL_HOME"
"/home/hyun02063185/dify/dify-agent/tests","tests",,,"2026-06-04 22:03:04","WSL_HOME"
"/home/hyun02063185/dify/dify-agent/tests/local","local",,,"2026-06-04 22:03:04","WSL_HOME"
"/home/hyun02063185/dify/dify-agent/tests/local/examples","examples",,,"2026-06-04 22:03:04","WSL_HOME"
"/home/hyun02063185/dify/dify-agent/tests/local/agenton_collections","agenton_collections",,,"2026-06-04 22:03:04","WSL_HOME"
"/home/hyun02063185/dify/dify-agent/tests/local/agenton_collections/layers","layers",,,"2026-06-04 22:03:04","WSL_HOME"
"/home/hyun02063185/dify/dify-agent/tests/local/agenton_collections/transformers","transformers",,,"2026-06-04 22:03:04","WSL_HOME"
"/home/hyun02063185/dify/dify-agent/tests/local/agenton","agenton",,,"2026-06-04 22:03:04","WSL_HOME"
"/home/hyun02063185/dify/dify-agent/tests/local/agenton/layers","layers",,,"2026-06-04 22:03:04","WSL_HOME"
"/home/hyun02063185/dify/dify-agent/tests/local/agenton/compositor","compositor",,,"2026-06-04 22:03:04","WSL_HOME"
"/home/hyun02063185/dify/dify-agent/tests/local/dify_agent","dify_agent",,,"2026-06-04 22:03:04","WSL_HOME"
"/home/hyun02063185/dify/dify-agent/tests/local/dify_agent/layers","layers",,,"2026-06-04 22:03:04","WSL_HOME"
"/home/hyun02063185/dify/dify-agent/tests/local/dify_agent/storage","storage",,,"2026-06-04 22:03:04","WSL_HOME"
"/home/hyun02063185/dify/dify-agent/tests/local/dify_agent/protocol","protocol",,,"2026-06-04 22:03:04","WSL_HOME"
"/home/hyun02063185/dify/dify-agent/tests/local/dify_agent/adapters","adapters",,,"2026-06-04 22:03:04","WSL_HOME"
"/home/hyun02063185/dify/dify-agent/tests/local/dify_agent/server","server",,,"2026-06-04 22:03:04","WSL_HOME"
"/home/hyun02063185/dify/dify-agent/tests/local/dify_agent/client","client",,,"2026-06-04 22:03:04","WSL_HOME"
"/home/hyun02063185/dify/dify-agent/tests/local/dify_agent/runtime","runtime",,,"2026-06-04 22:03:04","WSL_HOME"
"/home/hyun02063185/dify/dify-agent/tests/docs","docs",,,"2026-06-04 22:03:04","WSL_HOME"
"/home/hyun02063185/dify/dify-agent/examples","examples",,,"2026-06-04 22:03:04","WSL_HOME"
"/home/hyun02063185/dify/dify-agent/examples/agenton","agenton",,,"2026-06-04 22:03:04","WSL_HOME"
"/home/hyun02063185/dify/dify-agent/examples/agenton/agenton_examples","agenton_examples",,,"2026-06-04 22:03:04","WSL_HOME"
"/home/hyun02063185/dify/dify-agent/examples/dify_agent","dify_agent",,,"2026-06-04 22:03:04","WSL_HOME"
"/home/hyun02063185/dify/dify-agent/examples/dify_agent/dify_agent_examples","dify_agent_examples",,,"2026-06-04 22:03:04","WSL_HOME"
"/home/hyun02063185/dify/dify-agent/docker","docker",,,"2026-06-04 22:03:04","WSL_HOME"
"/home/hyun02063185/dify/dify-agent/docker/shellctl","shellctl",,,"2026-06-04 22:03:04","WSL_HOME"
"/home/hyun02063185/dify/dify-agent/docs","docs",,,"2026-06-04 22:03:04","WSL_HOME"
"/home/hyun02063185/dify/dify-agent/docs/agenton","agenton",,,"2026-06-04 22:03:04","WSL_HOME"
"/home/hyun02063185/dify/dify-agent/docs/agenton/examples","examples",,,"2026-06-04 22:03:04","WSL_HOME"
"/home/hyun02063185/dify/dify-agent/docs/agenton/guide","guide",,,"2026-06-04 22:03:04","WSL_HOME"
"/home/hyun02063185/dify/dify-agent/docs/dify-agent","dify-agent",,,"2026-06-04 22:03:04","WSL_HOME"
"/home/hyun02063185/dify/dify-agent/docs/dify-agent/examples","examples",,,"2026-06-04 22:03:04","WSL_HOME"
"/home/hyun02063185/dify/dify-agent/docs/dify-agent/user-manual","user-manual",,,"2026-06-04 22:03:04","WSL_HOME"
"/home/hyun02063185/dify/dify-agent/docs/dify-agent/user-manual/plugin-tool-layer","plugin-tool-layer",,,"2026-06-04 22:03:04","WSL_HOME"
"/home/hyun02063185/dify/dify-agent/docs/dify-agent/user-manual/prompt-layer","prompt-layer",,,"2026-06-04 22:03:04","WSL_HOME"
"/home/hyun02063185/dify/dify-agent/docs/dify-agent/user-manual/history-layer","history-layer",,,"2026-06-04 22:03:04","WSL_HOME"
"/home/hyun02063185/dify/dify-agent/docs/dify-agent/user-manual/plugin-llm-layer","plugin-llm-layer",,,"2026-06-04 22:03:04","WSL_HOME"
"/home/hyun02063185/dify/dify-agent/docs/dify-agent/user-manual/structured-output-layer","structured-output-layer",,,"2026-06-04 22:03:04","WSL_HOME"
"/home/hyun02063185/dify/dify-agent/docs/dify-agent/user-manual/shell-layer","shell-layer",,,"2026-06-04 22:03:04","WSL_HOME"
"/home/hyun02063185/dify/dify-agent/docs/dify-agent/user-manual/execution-context-layer","execution-context-layer",,,"2026-06-04 22:03:04","WSL_HOME"
"/home/hyun02063185/dify/dify-agent/docs/dify-agent/guide","guide",,,"2026-06-04 22:03:04","WSL_HOME"
"/home/hyun02063185/dify/dify-agent/docs/dify-agent/concepts","concepts",,,"2026-06-04 22:03:04","WSL_HOME"
"/home/hyun02063185/dify/dify-agent/docs/dify-agent/concepts/run-lifecycle","run-lifecycle",,,"2026-06-04 22:03:04","WSL_HOME"
"/home/hyun02063185/dify/dify-agent/docs/dify-agent/get-started","get-started",,,"2026-06-04 22:03:04","WSL_HOME"
"/home/hyun02063185/dify/dify-agent/src","src",,,"2026-06-04 22:03:04","WSL_HOME"
"/home/hyun02063185/dify/dify-agent/src/agenton_collections","agenton_collections",,,"2026-06-04 22:03:04","WSL_HOME"
"/home/hyun02063185/dify/dify-agent/src/agenton_collections/layers","layers",,,"2026-06-04 22:03:04","WSL_HOME"
"/home/hyun02063185/dify/dify-agent/src/agenton_collections/layers/plain","plain",,,"2026-06-04 22:03:04","WSL_HOME"
"/home/hyun02063185/dify/dify-agent/src/agenton_collections/layers/pydantic_ai","pydantic_ai",,,"2026-06-04 22:03:04","WSL_HOME"
"/home/hyun02063185/dify/dify-agent/src/agenton_collections/transformers","transformers",,,"2026-06-04 22:03:04","WSL_HOME"
"/home/hyun02063185/dify/dify-agent/src/agenton","agenton",,,"2026-06-04 22:03:04","WSL_HOME"
"/home/hyun02063185/dify/dify-agent/src/agenton/layers","layers",,,"2026-06-04 22:03:04","WSL_HOME"
"/home/hyun02063185/dify/dify-agent/src/agenton/compositor","compositor",,,"2026-06-04 22:03:04","WSL_HOME"
"/home/hyun02063185/dify/dify-agent/src/dify_agent","dify_agent",,,"2026-06-04 22:03:04","WSL_HOME"
"/home/hyun02063185/dify/dify-agent/src/dify_agent/layers","layers",,,"2026-06-04 22:03:04","WSL_HOME"
"/home/hyun02063185/dify/dify-agent/src/dify_agent/layers/execution_context","execution_context",,,"2026-06-04 22:03:04","WSL_HOME"
"/home/hyun02063185/dify/dify-agent/src/dify_agent/layers/shell","shell",,,"2026-06-04 22:03:04","WSL_HOME"
"/home/hyun02063185/dify/dify-agent/src/dify_agent/layers/dify_plugin","dify_plugin",,,"2026-06-04 22:03:04","WSL_HOME"
"/home/hyun02063185/dify/dify-agent/src/dify_agent/layers/output","output",,,"2026-06-04 22:03:04","WSL_HOME"
"/home/hyun02063185/dify/dify-agent/src/dify_agent/storage","storage",,,"2026-06-04 22:03:04","WSL_HOME"
"/home/hyun02063185/dify/dify-agent/src/dify_agent/protocol","protocol",,,"2026-06-04 22:03:04","WSL_HOME"
"/home/hyun02063185/dify/dify-agent/src/dify_agent/adapters","adapters",,,"2026-06-04 22:03:04","WSL_HOME"
"/home/hyun02063185/dify/dify-agent/src/dify_agent/adapters/llm","llm",,,"2026-06-04 22:03:04","WSL_HOME"
"/home/hyun02063185/dify/dify-agent/src/dify_agent/server","server",,,"2026-06-04 22:03:04","WSL_HOME"
"/home/hyun02063185/dify/dify-agent/src/dify_agent/server/routes","routes",,,"2026-06-04 22:03:04","WSL_HOME"
"/home/hyun02063185/dify/dify-agent/src/dify_agent/client","client",,,"2026-06-04 22:03:04","WSL_HOME"
"/home/hyun02063185/dify/dify-agent/src/dify_agent/runtime","runtime",,,"2026-06-04 22:03:04","WSL_HOME"
"/home/hyun02063185/dify/web","web",,,"2026-06-05 22:38:24","WSL_HOME"
"/home/hyun02063185/dify/web/i18n","i18n",,,"2026-06-04 22:03:05","WSL_HOME"
"/home/hyun02063185/dify/web/i18n/th-TH","th-TH",,,"2026-06-04 22:03:05","WSL_HOME"
"/home/hyun02063185/dify/web/i18n/fa-IR","fa-IR",,,"2026-06-04 22:03:05","WSL_HOME"
"/home/hyun02063185/dify/web/i18n/fr-FR","fr-FR",,,"2026-06-04 22:03:05","WSL_HOME"
"/home/hyun02063185/dify/web/i18n/vi-VN","vi-VN",,,"2026-06-04 22:03:05","WSL_HOME"
"/home/hyun02063185/dify/web/i18n/nl-NL","nl-NL",,,"2026-06-04 22:03:05","WSL_HOME"
"/home/hyun02063185/dify/web/i18n/ru-RU","ru-RU",,,"2026-06-04 22:03:05","WSL_HOME"
"/home/hyun02063185/dify/web/i18n/zh-Hans","zh-Hans",,,"2026-06-04 22:03:05","WSL_HOME"
"/home/hyun02063185/dify/web/i18n/tr-TR","tr-TR",,,"2026-06-04 22:03:05","WSL_HOME"
"/home/hyun02063185/dify/web/i18n/ja-JP","ja-JP",,,"2026-06-04 22:03:05","WSL_HOME"
"/home/hyun02063185/dify/web/i18n/it-IT","it-IT",,,"2026-06-04 22:03:05","WSL_HOME"
"/home/hyun02063185/dify/web/i18n/hi-IN","hi-IN",,,"2026-06-04 22:03:05","WSL_HOME"
"/home/hyun02063185/dify/web/i18n/pl-PL","pl-PL",,,"2026-06-04 22:03:05","WSL_HOME"
"/home/hyun02063185/dify/web/i18n/ko-KR","ko-KR",,,"2026-06-04 22:03:05","WSL_HOME"
"/home/hyun02063185/dify/web/i18n/de-DE","de-DE",,,"2026-06-04 22:03:05","WSL_HOME"
"/home/hyun02063185/dify/web/i18n/pt-BR","pt-BR",,,"2026-06-04 22:03:05","WSL_HOME"
"/home/hyun02063185/dify/web/i18n/sl-SI","sl-SI",,,"2026-06-04 22:03:05","WSL_HOME"
"/home/hyun02063185/dify/web/i18n/zh-Hant","zh-Hant",,,"2026-06-04 22:03:05","WSL_HOME"
"/home/hyun02063185/dify/web/i18n/uk-UA","uk-UA",,,"2026-06-04 22:03:05","WSL_HOME"
"/home/hyun02063185/dify/web/i18n/en-US","en-US",,,"2026-06-04 22:03:05","WSL_HOME"
"/home/hyun02063185/dify/web/i18n/ar-TN","ar-TN",,,"2026-06-04 22:03:05","WSL_HOME"
"/home/hyun02063185/dify/web/i18n/es-ES","es-ES",,,"2026-06-04 22:03:05","WSL_HOME"
"/home/hyun02063185/dify/web/i18n/ro-RO","ro-RO",,,"2026-06-04 22:03:05","WSL_HOME"
"/home/hyun02063185/dify/web/i18n/id-ID","id-ID",,,"2026-06-04 22:03:05","WSL_HOME"
"/home/hyun02063185/dify/web/features","features",,,"2026-06-04 22:03:05","WSL_HOME"
"/home/hyun02063185/dify/web/features/tag-management","tag-management",,,"2026-06-04 22:03:05","WSL_HOME"
"/home/hyun02063185/dify/web/features/tag-management/hooks","hooks",,,"2026-06-04 22:03:05","WSL_HOME"
"/home/hyun02063185/dify/web/features/tag-management/hooks/__tests__","__tests__",,,"2026-06-04 22:03:05","WSL_HOME"
"/home/hyun02063185/dify/web/features/tag-management/__tests__","__tests__",,,"2026-06-04 22:03:05","WSL_HOME"
"/home/hyun02063185/dify/web/features/tag-management/components","components",,,"2026-06-04 22:03:05","WSL_HOME"
"/home/hyun02063185/dify/web/features/tag-management/components/__tests__","__tests__",,,"2026-06-04 22:03:05","WSL_HOME"
"/home/hyun02063185/dify/web/features/account-profile","account-profile",,,"2026-06-04 22:03:05","WSL_HOME"
"/home/hyun02063185/dify/web/features/account-profile/__tests__","__tests__",,,"2026-06-04 22:03:05","WSL_HOME"
"/home/hyun02063185/dify/web/features/system-features","system-features",,,"2026-06-04 22:03:05","WSL_HOME"
"/home/hyun02063185/dify/web/features/system-features/__tests__","__tests__",,,"2026-06-04 22:03:05","WSL_HOME"
"/home/hyun02063185/dify/web/constants","constants",,,"2026-06-04 22:03:05","WSL_HOME"
"/home/hyun02063185/dify/web/bin","bin",,,"2026-06-04 22:03:05","WSL_HOME"
"/home/hyun02063185/dify/web/next","next",,,"2026-06-04 22:03:05","WSL_HOME"
"/home/hyun02063185/dify/web/contract","contract",,,"2026-06-04 22:03:05","WSL_HOME"
"/home/hyun02063185/dify/web/contract/console","console",,,"2026-06-04 22:03:05","WSL_HOME"
"/home/hyun02063185/dify/web/assets","assets",,,"2026-06-04 22:03:05","WSL_HOME"
"/home/hyun02063185/dify/web/public","public",,,"2026-06-04 22:03:05","WSL_HOME"
"/home/hyun02063185/dify/web/public/vs","vs",,,"2026-06-04 22:03:05","WSL_HOME"
"/home/hyun02063185/dify/web/public/vs/basic-languages","basic-languages",,,"2026-06-04 22:03:05","WSL_HOME"
"/home/hyun02063185/dify/web/public/vs/basic-languages/kotlin","kotlin",,,"2026-06-04 22:03:05","WSL_HOME"
"/home/hyun02063185/dify/web/public/vs/basic-languages/graphql","graphql",,,"2026-06-04 22:03:05","WSL_HOME"
"/home/hyun02063185/dify/web/public/vs/basic-languages/sophia","sophia",,,"2026-06-04 22:03:05","WSL_HOME"
"/home/hyun02063185/dify/web/public/vs/basic-languages/javascript","javascript",,,"2026-06-04 22:03:05","WSL_HOME"
"/home/hyun02063185/dify/web/public/vs/basic-languages/flow9","flow9",,,"2026-06-04 22:03:05","WSL_HOME"
"/home/hyun02063185/dify/web/public/vs/basic-languages/abap","abap",,,"2026-06-04 22:03:05","WSL_HOME"
"/home/hyun02063185/dify/web/public/vs/basic-languages/qsharp","qsharp",,,"2026-06-04 22:03:05","WSL_HOME"
"/home/hyun02063185/dify/web/public/vs/basic-languages/ecl","ecl",,,"2026-06-04 22:03:05","WSL_HOME"
"/home/hyun02063185/dify/web/public/vs/basic-languages/mdx","mdx",,,"2026-06-04 22:03:05","WSL_HOME"
"/home/hyun02063185/dify/web/public/vs/basic-languages/vb","vb",,,"2026-06-04 22:03:05","WSL_HOME"
"/home/hyun02063185/dify/web/public/vs/basic-languages/csharp","csharp",,,"2026-06-04 22:03:05","WSL_HOME"
"/home/hyun02063185/dify/web/public/vs/basic-languages/objective-c","objective-c",,,"2026-06-04 22:03:05","WSL_HOME"
"/home/hyun02063185/dify/web/public/vs/basic-languages/pug","pug",,,"2026-06-04 22:03:05","WSL_HOME"
"/home/hyun02063185/dify/web/public/vs/basic-languages/powerquery","powerquery",,,"2026-06-04 22:03:05","WSL_HOME"
"/home/hyun02063185/dify/web/public/vs/basic-languages/clojure","clojure",,,"2026-06-04 22:03:05","WSL_HOME"
"/home/hyun02063185/dify/web/public/vs/basic-languages/typespec","typespec",,,"2026-06-04 22:03:05","WSL_HOME"
"/home/hyun02063185/dify/web/public/vs/basic-languages/mysql","mysql",,,"2026-06-04 22:03:05","WSL_HOME"
"/home/hyun02063185/dify/web/public/vs/basic-languages/cpp","cpp",,,"2026-06-04 22:03:05","WSL_HOME"
"/home/hyun02063185/dify/web/public/vs/basic-languages/freemarker2","freemarker2",,,"2026-06-04 22:03:05","WSL_HOME"
"/home/hyun02063185/dify/web/public/vs/basic-languages/scheme","scheme",,,"2026-06-04 22:03:05","WSL_HOME"
"/home/hyun02063185/dify/web/public/vs/basic-languages/php","php",,,"2026-06-04 22:03:05","WSL_HOME"
"/home/hyun02063185/dify/web/public/vs/basic-languages/postiats","postiats",,,"2026-06-04 22:03:05","WSL_HOME"
"/home/hyun02063185/dify/web/public/vs/basic-languages/rust","rust",,,"2026-06-04 22:03:05","WSL_HOME"
"/home/hyun02063185/dify/web/public/vs/basic-languages/less","less",,,"2026-06-04 22:03:05","WSL_HOME"
"/home/hyun02063185/dify/web/public/vs/basic-languages/bicep","bicep",,,"2026-06-04 22:03:05","WSL_HOME"
"/home/hyun02063185/dify/web/public/vs/basic-languages/redis","redis",,,"2026-06-04 22:03:05","WSL_HOME"
"/home/hyun02063185/dify/web/public/vs/basic-languages/ini","ini",,,"2026-06-04 22:03:05","WSL_HOME"
"/home/hyun02063185/dify/web/public/vs/basic-languages/redshift","redshift",,,"2026-06-04 22:03:05","WSL_HOME"
"/home/hyun02063185/dify/web/public/vs/basic-languages/css","css",,,"2026-06-04 22:03:05","WSL_HOME"
"/home/hyun02063185/dify/web/public/vs/basic-languages/shell","shell",,,"2026-06-04 22:03:05","WSL_HOME"
"/home/hyun02063185/dify/web/public/vs/basic-languages/pgsql","pgsql",,,"2026-06-04 22:03:05","WSL_HOME"
"/home/hyun02063185/dify/web/public/vs/basic-languages/html","html",,,"2026-06-04 22:03:05","WSL_HOME"
"/home/hyun02063185/dify/web/public/vs/basic-languages/azcli","azcli",,,"2026-06-04 22:03:05","WSL_HOME"
"/home/hyun02063185/dify/web/public/vs/basic-languages/protobuf","protobuf",,,"2026-06-04 22:03:05","WSL_HOME"
"/home/hyun02063185/dify/web/public/vs/basic-languages/st","st",,,"2026-06-04 22:03:05","WSL_HOME"
"/home/hyun02063185/dify/web/public/vs/basic-languages/xml","xml",,,"2026-06-04 22:03:05","WSL_HOME"
"/home/hyun02063185/dify/web/public/vs/basic-languages/wgsl","wgsl",,,"2026-06-04 22:03:05","WSL_HOME"
"/home/hyun02063185/dify/web/public/vs/basic-languages/perl","perl",,,"2026-06-04 22:03:05","WSL_HOME"
"/home/hyun02063185/dify/web/public/vs/basic-languages/m3","m3",,,"2026-06-04 22:03:05","WSL_HOME"
"/home/hyun02063185/dify/web/public/vs/basic-languages/msdax","msdax",,,"2026-06-04 22:03:05","WSL_HOME"
"/home/hyun02063185/dify/web/public/vs/basic-languages/cameligo","cameligo",,,"2026-06-04 22:03:05","WSL_HOME"
"/home/hyun02063185/dify/web/public/vs/basic-languages/sql","sql",,,"2026-06-04 22:03:05","WSL_HOME"
"/home/hyun02063185/dify/web/public/vs/basic-languages/swift","swift",,,"2026-06-04 22:03:05","WSL_HOME"
"/home/hyun02063185/dify/web/public/vs/basic-languages/pascal","pascal",,,"2026-06-04 22:03:05","WSL_HOME"
"/home/hyun02063185/dify/web/public/vs/basic-languages/twig","twig",,,"2026-06-04 22:03:05","WSL_HOME"
"/home/hyun02063185/dify/web/public/vs/basic-languages/solidity","solidity",,,"2026-06-04 22:03:05","WSL_HOME"
"/home/hyun02063185/dify/web/public/vs/basic-languages/apex","apex",,,"2026-06-04 22:03:05","WSL_HOME"
"/home/hyun02063185/dify/web/public/vs/basic-languages/restructuredtext","restructuredtext",,,"2026-06-04 22:03:05","WSL_HOME"
"/home/hyun02063185/dify/web/public/vs/basic-languages/csp","csp",,,"2026-06-04 22:03:05","WSL_HOME"
"/home/hyun02063185/dify/web/public/vs/basic-languages/pla","pla",,,"2026-06-04 22:03:05","WSL_HOME"
"/home/hyun02063185/dify/web/public/vs/basic-languages/powershell","powershell",,,"2026-06-04 22:03:05","WSL_HOME"
"/home/hyun02063185/dify/web/public/vs/basic-languages/tcl","tcl",,,"2026-06-04 22:03:05","WSL_HOME"
"/home/hyun02063185/dify/web/public/vs/basic-languages/sb","sb",,,"2026-06-04 22:03:05","WSL_HOME"
"/home/hyun02063185/dify/web/public/vs/basic-languages/coffee","coffee",,,"2026-06-04 22:03:05","WSL_HOME"
"/home/hyun02063185/dify/web/public/vs/basic-languages/r","r",,,"2026-06-04 22:03:05","WSL_HOME"
"/home/hyun02063185/dify/web/public/vs/basic-languages/elixir","elixir",,,"2026-06-04 22:03:05","WSL_HOME"
"/home/hyun02063185/dify/web/public/vs/basic-languages/yaml","yaml",,,"2026-06-04 22:03:05","WSL_HOME"
"/home/hyun02063185/dify/web/public/vs/basic-languages/markdown","markdown",,,"2026-06-04 22:03:05","WSL_HOME"
"/home/hyun02063185/dify/web/public/vs/basic-languages/hcl","hcl",,,"2026-06-04 22:03:05","WSL_HOME"
"/home/hyun02063185/dify/web/public/vs/basic-languages/python","python",,,"2026-06-04 22:03:05","WSL_HOME"
"/home/hyun02063185/dify/web/public/vs/basic-languages/bat","bat",,,"2026-06-04 22:03:05","WSL_HOME"
"/home/hyun02063185/dify/web/public/vs/basic-languages/cypher","cypher",,,"2026-06-04 22:03:05","WSL_HOME"
"/home/hyun02063185/dify/web/public/vs/basic-languages/go","go",,,"2026-06-04 22:03:05","WSL_HOME"
"/home/hyun02063185/dify/web/public/vs/basic-languages/lua","lua",,,"2026-06-04 22:03:05","WSL_HOME"
"/home/hyun02063185/dify/web/public/vs/basic-languages/ruby","ruby",,,"2026-06-04 22:03:05","WSL_HOME"
"/home/hyun02063185/dify/web/public/vs/basic-languages/typescript","typescript",,,"2026-06-04 22:03:05","WSL_HOME"
"/home/hyun02063185/dify/web/public/vs/basic-languages/lexon","lexon",,,"2026-06-04 22:03:05","WSL_HOME"
"/home/hyun02063185/dify/web/public/vs/basic-languages/dart","dart",,,"2026-06-04 22:03:05","WSL_HOME"
"/home/hyun02063185/dify/web/public/vs/basic-languages/pascaligo","pascaligo",,,"2026-06-04 22:03:05","WSL_HOME"
"/home/hyun02063185/dify/web/public/vs/basic-languages/julia","julia",,,"2026-06-04 22:03:05","WSL_HOME"
"/home/hyun02063185/dify/web/public/vs/basic-languages/razor","razor",,,"2026-06-04 22:03:05","WSL_HOME"
"/home/hyun02063185/dify/web/public/vs/basic-languages/java","java",,,"2026-06-04 22:03:05","WSL_HOME"
"/home/hyun02063185/dify/web/public/vs/basic-languages/systemverilog","systemverilog",,,"2026-06-04 22:03:05","WSL_HOME"
"/home/hyun02063185/dify/web/public/vs/basic-languages/scss","scss",,,"2026-06-04 22:03:05","WSL_HOME"
"/home/hyun02063185/dify/web/public/vs/basic-languages/dockerfile","dockerfile",,,"2026-06-04 22:03:05","WSL_HOME"
"/home/hyun02063185/dify/web/public/vs/basic-languages/fsharp","fsharp",,,"2026-06-04 22:03:05","WSL_HOME"
"/home/hyun02063185/dify/web/public/vs/basic-languages/scala","scala",,,"2026-06-04 22:03:05","WSL_HOME"
"/home/hyun02063185/dify/web/public/vs/basic-languages/handlebars","handlebars",,,"2026-06-04 22:03:05","WSL_HOME"
"/home/hyun02063185/dify/web/public/vs/basic-languages/sparql","sparql",,,"2026-06-04 22:03:05","WSL_HOME"
"/home/hyun02063185/dify/web/public/vs/basic-languages/liquid","liquid",,,"2026-06-04 22:03:05","WSL_HOME"
"/home/hyun02063185/dify/web/public/vs/basic-languages/mips","mips",,,"2026-06-04 22:03:05","WSL_HOME"
"/home/hyun02063185/dify/web/public/vs/base","base",,,"2026-06-04 22:03:05","WSL_HOME"
"/home/hyun02063185/dify/web/public/vs/base/worker","worker",,,"2026-06-04 22:03:05","WSL_HOME"
"/home/hyun02063185/dify/web/public/vs/base/browser","browser",,,"2026-06-04 22:03:05","WSL_HOME"
"/home/hyun02063185/dify/web/public/vs/editor","editor",,,"2026-06-04 22:03:05","WSL_HOME"
"/home/hyun02063185/dify/web/public/vs/language","language",,,"2026-06-04 22:03:05","WSL_HOME"
"/home/hyun02063185/dify/web/public/vs/language/css","css",,,"2026-06-04 22:03:05","WSL_HOME"
"/home/hyun02063185/dify/web/public/vs/language/html","html",,,"2026-06-04 22:03:05","WSL_HOME"
"/home/hyun02063185/dify/web/public/vs/language/json","json",,,"2026-06-04 22:03:05","WSL_HOME"
"/home/hyun02063185/dify/web/public/vs/language/typescript","typescript",,,"2026-06-04 22:03:05","WSL_HOME"
"/home/hyun02063185/dify/web/public/in-site-message","in-site-message",,,"2026-06-04 22:03:05","WSL_HOME"
"/home/hyun02063185/dify/web/public/logo","logo",,,"2026-06-04 22:03:05","WSL_HOME"
"/home/hyun02063185/dify/web/public/screenshots","screenshots",,,"2026-06-04 22:03:05","WSL_HOME"
"/home/hyun02063185/dify/web/public/screenshots/dark","dark",,,"2026-06-04 22:03:05","WSL_HOME"
"/home/hyun02063185/dify/web/public/screenshots/light","light",,,"2026-06-04 22:03:05","WSL_HOME"
"/home/hyun02063185/dify/web/public/education","education",,,"2026-06-04 22:03:05","WSL_HOME"
"/home/hyun02063185/dify/web/i18n-config","i18n-config",,,"2026-06-04 22:03:05","WSL_HOME"
"/home/hyun02063185/dify/web/utils","utils",,,"2026-06-04 22:03:05","WSL_HOME"
"/home/hyun02063185/dify/web/utils/__tests__","__tests__",,,"2026-06-04 22:03:05","WSL_HOME"
"/home/hyun02063185/dify/web/config","config",,,"2026-06-04 22:03:05","WSL_HOME"
"/home/hyun02063185/dify/web/config/__tests__","__tests__",,,"2026-06-04 22:03:05","WSL_HOME"
"/home/hyun02063185/dify/web/test","test",,,"2026-06-04 22:03:05","WSL_HOME"
"/home/hyun02063185/dify/web/app","app",,,"2026-06-04 22:03:05","WSL_HOME"
"/home/hyun02063185/dify/web/app/education-apply","education-apply",,,"2026-06-04 22:03:05","WSL_HOME"
"/home/hyun02063185/dify/web/app/education-apply/__tests__","__tests__",,,"2026-06-04 22:03:05","WSL_HOME"
"/home/hyun02063185/dify/web/app/init","init",,,"2026-06-04 22:03:05","WSL_HOME"
"/home/hyun02063185/dify/web/app/account","account",,,"2026-06-04 22:03:04","WSL_HOME"
"/home/hyun02063185/dify/web/app/account/oauth","oauth",,,"2026-06-04 22:03:04","WSL_HOME"
"/home/hyun02063185/dify/web/app/account/oauth/authorize","authorize",,,"2026-06-04 22:03:04","WSL_HOME"
"/home/hyun02063185/dify/web/app/account/(commonLayout)","(commonLayout)",,,"2026-06-04 22:03:04","WSL_HOME"
"/home/hyun02063185/dify/web/app/account/(commonLayout)/delete-account","delete-account",,,"2026-06-04 22:03:04","WSL_HOME"
"/home/hyun02063185/dify/web/app/account/(commonLayout)/account-page","account-page",,,"2026-06-04 22:03:04","WSL_HOME"
"/home/hyun02063185/dify/web/app/signin","signin",,,"2026-06-04 22:03:05","WSL_HOME"
"/home/hyun02063185/dify/web/app/signin/assets","assets",,,"2026-06-04 22:03:05","WSL_HOME"
"/home/hyun02063185/dify/web/app/signin/utils","utils",,,"2026-06-04 22:03:05","WSL_HOME"
"/home/hyun02063185/dify/web/app/signin/utils/__tests__","__tests__",,,"2026-06-04 22:03:05","WSL_HOME"
"/home/hyun02063185/dify/web/app/signin/invite-settings","invite-settings",,,"2026-06-04 22:03:05","WSL_HOME"
"/home/hyun02063185/dify/web/app/signin/invite-settings/__tests__","__tests__",,,"2026-06-04 22:03:05","WSL_HOME"
"/home/hyun02063185/dify/web/app/signin/check-code","check-code",,,"2026-06-04 22:03:05","WSL_HOME"
"/home/hyun02063185/dify/web/app/signin/__tests__","__tests__",,,"2026-06-04 22:03:05","WSL_HOME"
"/home/hyun02063185/dify/web/app/signin/components","components",,,"2026-06-04 22:03:05","WSL_HOME"
"/home/hyun02063185/dify/web/app/signin/components/__tests__","__tests__",,,"2026-06-04 22:03:05","WSL_HOME"
"/home/hyun02063185/dify/web/app/device","device",,,"2026-06-04 22:03:05","WSL_HOME"
"/home/hyun02063185/dify/web/app/device/utils","utils",,,"2026-06-04 22:03:05","WSL_HOME"
"/home/hyun02063185/dify/web/app/device/__tests__","__tests__",,,"2026-06-04 22:03:05","WSL_HOME"
"/home/hyun02063185/dify/web/app/device/components","components",,,"2026-06-04 22:03:05","WSL_HOME"
"/home/hyun02063185/dify/web/app/device/components/__tests__","__tests__",,,"2026-06-04 22:03:05","WSL_HOME"
"/home/hyun02063185/dify/web/app/forgot-password","forgot-password",,,"2026-06-04 22:03:05","WSL_HOME"
"/home/hyun02063185/dify/web/app/(humanInputLayout)","(humanInputLayout)",,,"2026-06-04 22:03:04","WSL_HOME"
"/home/hyun02063185/dify/web/app/(humanInputLayout)/form","form",,,"2026-06-04 22:03:04","WSL_HOME"
"/home/hyun02063185/dify/web/app/(humanInputLayout)/form/[token]","[token]",,,"2026-06-04 22:03:04","WSL_HOME"
"/home/hyun02063185/dify/web/app/activate","activate",,,"2026-06-04 22:03:04","WSL_HOME"
"/home/hyun02063185/dify/web/app/install","install",,,"2026-06-04 22:03:05","WSL_HOME"
"/home/hyun02063185/dify/web/app/(commonLayout)","(commonLayout)",,,"2026-06-04 22:03:04","WSL_HOME"
"/home/hyun02063185/dify/web/app/(commonLayout)/datasets","datasets",,,"2026-06-04 22:03:04","WSL_HOME"
"/home/hyun02063185/dify/web/app/(commonLayout)/datasets/(datasetDetailLayout)","(datasetDetailLayout)",,,"2026-06-04 22:03:04","WSL_HOME"
"/home/hyun02063185/dify/web/app/(commonLayout)/datasets/create","create",,,"2026-06-04 22:03:04","WSL_HOME"
"/home/hyun02063185/dify/web/app/(commonLayout)/datasets/connect","connect",,,"2026-06-04 22:03:04","WSL_HOME"
"/home/hyun02063185/dify/web/app/(commonLayout)/datasets/create-from-pipeline","create-from-pipeline",,,"2026-06-04 22:03:04","WSL_HOME"
"/home/hyun02063185/dify/web/app/(commonLayout)/education-apply","education-apply",,,"2026-06-04 22:03:04","WSL_HOME"
"/home/hyun02063185/dify/web/app/(commonLayout)/app","app",,,"2026-06-04 22:03:04","WSL_HOME"
"/home/hyun02063185/dify/web/app/(commonLayout)/app/(appDetailLayout)","(appDetailLayout)",,,"2026-06-04 22:03:04","WSL_HOME"
"/home/hyun02063185/dify/web/app/(commonLayout)/tools","tools",,,"2026-06-04 22:03:04","WSL_HOME"
"/home/hyun02063185/dify/web/app/(commonLayout)/apps","apps",,,"2026-06-04 22:03:04","WSL_HOME"
"/home/hyun02063185/dify/web/app/(commonLayout)/explore","explore",,,"2026-06-04 22:03:04","WSL_HOME"
"/home/hyun02063185/dify/web/app/(commonLayout)/explore/apps","apps",,,"2026-06-04 22:03:04","WSL_HOME"
"/home/hyun02063185/dify/web/app/(commonLayout)/explore/installed","installed",,,"2026-06-04 22:03:04","WSL_HOME"
"/home/hyun02063185/dify/web/app/(commonLayout)/plugins","plugins",,,"2026-06-04 22:03:04","WSL_HOME"
"/home/hyun02063185/dify/web/app/(commonLayout)/__tests__","__tests__",,,"2026-06-04 22:03:04","WSL_HOME"
"/home/hyun02063185/dify/web/app/components","components",,,"2026-06-04 22:03:04","WSL_HOME"
"/home/hyun02063185/dify/web/app/components/datasets","datasets",,,"2026-06-04 22:03:04","WSL_HOME"
"/home/hyun02063185/dify/web/app/components/datasets/metadata","metadata",,,"2026-06-04 22:03:04","WSL_HOME"
"/home/hyun02063185/dify/web/app/components/datasets/list","list",,,"2026-06-04 22:03:04","WSL_HOME"
"/home/hyun02063185/dify/web/app/components/datasets/create","create",,,"2026-06-04 22:03:04","WSL_HOME"
"/home/hyun02063185/dify/web/app/components/datasets/extra-info","extra-info",,,"2026-06-04 22:03:04","WSL_HOME"
"/home/hyun02063185/dify/web/app/components/datasets/api","api",,,"2026-06-04 22:03:04","WSL_HOME"
"/home/hyun02063185/dify/web/app/components/datasets/create-from-pipeline","create-from-pipeline",,,"2026-06-04 22:03:04","WSL_HOME"
"/home/hyun02063185/dify/web/app/components/datasets/formatted-text","formatted-text",,,"2026-06-04 22:03:04","WSL_HOME"
"/home/hyun02063185/dify/web/app/components/datasets/rename-modal","rename-modal",,,"2026-06-04 22:03:04","WSL_HOME"
"/home/hyun02063185/dify/web/app/components/datasets/external-knowledge-base","external-knowledge-base",,,"2026-06-04 22:03:04","WSL_HOME"
"/home/hyun02063185/dify/web/app/components/datasets/common","common",,,"2026-06-04 22:03:04","WSL_HOME"
"/home/hyun02063185/dify/web/app/components/datasets/preview","preview",,,"2026-06-04 22:03:04","WSL_HOME"
"/home/hyun02063185/dify/web/app/components/datasets/__tests__","__tests__",,,"2026-06-04 22:03:04","WSL_HOME"
"/home/hyun02063185/dify/web/app/components/datasets/documents","documents",,,"2026-06-04 22:03:04","WSL_HOME"
"/home/hyun02063185/dify/web/app/components/datasets/external-api","external-api",,,"2026-06-04 22:03:04","WSL_HOME"
"/home/hyun02063185/dify/web/app/components/datasets/hit-testing","hit-testing",,,"2026-06-04 22:03:04","WSL_HOME"
"/home/hyun02063185/dify/web/app/components/datasets/settings","settings",,,"2026-06-04 22:03:04","WSL_HOME"
"/home/hyun02063185/dify/web/app/components/app-sidebar","app-sidebar",,,"2026-06-04 22:03:04","WSL_HOME"
"/home/hyun02063185/dify/web/app/components/app-sidebar/app-info","app-info",,,"2026-06-04 22:03:04","WSL_HOME"
"/home/hyun02063185/dify/web/app/components/app-sidebar/__tests__","__tests__",,,"2026-06-04 22:03:04","WSL_HOME"
"/home/hyun02063185/dify/web/app/components/app-sidebar/dataset-info","dataset-info",,,"2026-06-04 22:03:04","WSL_HOME"
"/home/hyun02063185/dify/web/app/components/app-sidebar/nav-link","nav-link",,,"2026-06-04 22:03:04","WSL_HOME"
"/home/hyun02063185/dify/web/app/components/signin","signin",,,"2026-06-04 22:03:04","WSL_HOME"
"/home/hyun02063185/dify/web/app/components/signin/__tests__","__tests__",,,"2026-06-04 22:03:04","WSL_HOME"
"/home/hyun02063185/dify/web/app/components/develop","develop",,,"2026-06-04 22:03:04","WSL_HOME"
"/home/hyun02063185/dify/web/app/components/develop/secret-key","secret-key",,,"2026-06-04 22:03:04","WSL_HOME"
"/home/hyun02063185/dify/web/app/components/develop/hooks","hooks",,,"2026-06-04 22:03:04","WSL_HOME"
"/home/hyun02063185/dify/web/app/components/develop/template","template",,,"2026-06-04 22:03:04","WSL_HOME"
"/home/hyun02063185/dify/web/app/components/develop/__tests__","__tests__",,,"2026-06-04 22:03:04","WSL_HOME"
"/home/hyun02063185/dify/web/app/components/workflow-app","workflow-app",,,"2026-06-04 22:03:04","WSL_HOME"
"/home/hyun02063185/dify/web/app/components/workflow-app/hooks","hooks",,,"2026-06-04 22:03:04","WSL_HOME"
"/home/hyun02063185/dify/web/app/components/workflow-app/__tests__","__tests__",,,"2026-06-04 22:03:04","WSL_HOME"
"/home/hyun02063185/dify/web/app/components/workflow-app/components","components",,,"2026-06-04 22:03:04","WSL_HOME"
"/home/hyun02063185/dify/web/app/components/workflow-app/store","store",,,"2026-06-04 22:03:04","WSL_HOME"
"/home/hyun02063185/dify/web/app/components/goto-anything","goto-anything",,,"2026-06-04 22:03:04","WSL_HOME"
"/home/hyun02063185/dify/web/app/components/goto-anything/actions","actions",,,"2026-06-04 22:03:04","WSL_HOME"
"/home/hyun02063185/dify/web/app/components/goto-anything/hooks","hooks",,,"2026-06-04 22:03:04","WSL_HOME"
"/home/hyun02063185/dify/web/app/components/goto-anything/__tests__","__tests__",,,"2026-06-04 22:03:04","WSL_HOME"
"/home/hyun02063185/dify/web/app/components/goto-anything/components","components",,,"2026-06-04 22:03:04","WSL_HOME"
"/home/hyun02063185/dify/web/app/components/devtools","devtools",,,"2026-06-04 22:03:04","WSL_HOME"
"/home/hyun02063185/dify/web/app/components/devtools/react-scan","react-scan",,,"2026-06-04 22:03:04","WSL_HOME"
"/home/hyun02063185/dify/web/app/components/base","base",,,"2026-06-04 22:03:04","WSL_HOME"
"/home/hyun02063185/dify/web/app/components/base/checkbox-list","checkbox-list",,,"2026-06-04 22:03:04","WSL_HOME"
"/home/hyun02063185/dify/web/app/components/base/float-right-container","float-right-container",,,"2026-06-04 22:03:04","WSL_HOME"
"/home/hyun02063185/dify/web/app/components/base/with-input-validation","with-input-validation",,,"2026-06-04 22:03:04","WSL_HOME"
"/home/hyun02063185/dify/web/app/components/base/features","features",,,"2026-06-04 22:03:04","WSL_HOME"
"/home/hyun02063185/dify/web/app/components/base/simple-pie-chart","simple-pie-chart",,,"2026-06-04 22:03:04","WSL_HOME"
"/home/hyun02063185/dify/web/app/components/base/timezone-label","timezone-label",,,"2026-06-04 22:03:04","WSL_HOME"
"/home/hyun02063185/dify/web/app/components/base/input-with-copy","input-with-copy",,,"2026-06-04 22:03:04","WSL_HOME"
"/home/hyun02063185/dify/web/app/components/base/tab-slider-new","tab-slider-new",,,"2026-06-04 22:03:04","WSL_HOME"
"/home/hyun02063185/dify/web/app/components/base/file-uploader","file-uploader",,,"2026-06-04 22:03:04","WSL_HOME"
"/home/hyun02063185/dify/web/app/components/base/error-boundary","error-boundary",,,"2026-06-04 22:03:04","WSL_HOME"
"/home/hyun02063185/dify/web/app/components/base/action-button","action-button",,,"2026-06-04 22:03:04","WSL_HOME"
"/home/hyun02063185/dify/web/app/components/base/amplitude","amplitude",,,"2026-06-04 22:03:04","WSL_HOME"
"/home/hyun02063185/dify/web/app/components/base/inline-delete-confirm","inline-delete-confirm",,,"2026-06-04 22:03:04","WSL_HOME"
"/home/hyun02063185/dify/web/app/components/base/qrcode","qrcode",,,"2026-06-04 22:03:04","WSL_HOME"
"/home/hyun02063185/dify/web/app/components/base/answer-icon","answer-icon",,,"2026-06-04 22:03:04","WSL_HOME"
"/home/hyun02063185/dify/web/app/components/base/file-icon","file-icon",,,"2026-06-04 22:03:04","WSL_HOME"
"/home/hyun02063185/dify/web/app/components/base/divider","divider",,,"2026-06-04 22:03:04","WSL_HOME"
"/home/hyun02063185/dify/web/app/components/base/corner-label","corner-label",,,"2026-06-04 22:03:04","WSL_HOME"
"/home/hyun02063185/dify/web/app/components/base/notion-icon","notion-icon",,,"2026-06-04 22:03:04","WSL_HOME"
"/home/hyun02063185/dify/web/app/components/base/markdown-with-directive","markdown-with-directive",,,"2026-06-04 22:03:04","WSL_HOME"
"/home/hyun02063185/dify/web/app/components/base/prompt-log-modal","prompt-log-modal",,,"2026-06-04 22:03:04","WSL_HOME"
"/home/hyun02063185/dify/web/app/components/base/effect","effect",,,"2026-06-04 22:03:04","WSL_HOME"
"/home/hyun02063185/dify/web/app/components/base/form","form",,,"2026-06-04 22:03:04","WSL_HOME"
"/home/hyun02063185/dify/web/app/components/base/radio-card","radio-card",,,"2026-06-04 22:03:04","WSL_HOME"
"/home/hyun02063185/dify/web/app/components/base/tab-slider","tab-slider",,,"2026-06-04 22:03:04","WSL_HOME"
"/home/hyun02063185/dify/web/app/components/base/premium-badge","premium-badge",,,"2026-06-04 22:03:04","WSL_HOME"
"/home/hyun02063185/dify/web/app/components/base/permission-selector","permission-selector",,,"2026-06-04 22:03:04","WSL_HOME"
"/home/hyun02063185/dify/web/app/components/base/logo","logo",,,"2026-06-04 22:03:04","WSL_HOME"
"/home/hyun02063185/dify/web/app/components/base/image-uploader","image-uploader",,,"2026-06-04 22:03:04","WSL_HOME"
"/home/hyun02063185/dify/web/app/components/base/chip","chip",,,"2026-06-04 22:03:04","WSL_HOME"
"/home/hyun02063185/dify/web/app/components/base/svg","svg",,,"2026-06-04 22:03:04","WSL_HOME"
"/home/hyun02063185/dify/web/app/components/base/search-input","search-input",,,"2026-06-04 22:03:04","WSL_HOME"
"/home/hyun02063185/dify/web/app/components/base/markdown-blocks","markdown-blocks",,,"2026-06-04 22:03:04","WSL_HOME"
"/home/hyun02063185/dify/web/app/components/base/file-thumb","file-thumb",,,"2026-06-04 22:03:04","WSL_HOME"
"/home/hyun02063185/dify/web/app/components/base/upgrade-modal","upgrade-modal",,,"2026-06-04 22:03:04","WSL_HOME"
"/home/hyun02063185/dify/web/app/components/base/emoji-picker","emoji-picker",,,"2026-06-04 22:03:04","WSL_HOME"
"/home/hyun02063185/dify/web/app/components/base/notion-page-selector","notion-page-selector",,,"2026-06-04 22:03:04","WSL_HOME"
"/home/hyun02063185/dify/web/app/components/base/prompt-editor","prompt-editor",,,"2026-06-04 22:03:04","WSL_HOME"
"/home/hyun02063185/dify/web/app/components/base/voice-input","voice-input",,,"2026-06-04 22:03:04","WSL_HOME"
"/home/hyun02063185/dify/web/app/components/base/svg-gallery","svg-gallery",,,"2026-06-04 22:03:04","WSL_HOME"
"/home/hyun02063185/dify/web/app/components/base/grid-mask","grid-mask",,,"2026-06-04 22:03:04","WSL_HOME"
"/home/hyun02063185/dify/web/app/components/base/audio-btn","audio-btn",,,"2026-06-04 22:03:04","WSL_HOME"
"/home/hyun02063185/dify/web/app/components/base/spinner","spinner",,,"2026-06-04 22:03:04","WSL_HOME"
"/home/hyun02063185/dify/web/app/components/base/skeleton","skeleton",,,"2026-06-04 22:03:04","WSL_HOME"
"/home/hyun02063185/dify/web/app/components/base/text-generation","text-generation",,,"2026-06-04 22:03:04","WSL_HOME"
"/home/hyun02063185/dify/web/app/components/base/app-icon","app-icon",,,"2026-06-04 22:03:04","WSL_HOME"
"/home/hyun02063185/dify/web/app/components/base/encrypted-bottom","encrypted-bottom",,,"2026-06-04 22:03:04","WSL_HOME"
"/home/hyun02063185/dify/web/app/components/base/notion-connector","notion-connector",,,"2026-06-04 22:03:04","WSL_HOME"
"/home/hyun02063185/dify/web/app/components/base/new-audio-button","new-audio-button",,,"2026-06-04 22:03:04","WSL_HOME"
"/home/hyun02063185/dify/web/app/components/base/icons","icons",,,"2026-06-04 22:03:04","WSL_HOME"
"/home/hyun02063185/dify/web/app/components/base/app-icon-picker","app-icon-picker",,,"2026-06-04 22:03:04","WSL_HOME"
"/home/hyun02063185/dify/web/app/components/base/carousel","carousel",,,"2026-06-04 22:03:04","WSL_HOME"
"/home/hyun02063185/dify/web/app/components/base/tag-input","tag-input",,,"2026-06-04 22:03:04","WSL_HOME"
"/home/hyun02063185/dify/web/app/components/base/ga","ga",,,"2026-06-04 22:03:04","WSL_HOME"
"/home/hyun02063185/dify/web/app/components/base/param-item","param-item",,,"2026-06-04 22:03:04","WSL_HOME"
"/home/hyun02063185/dify/web/app/components/base/zendesk","zendesk",,,"2026-06-04 22:03:04","WSL_HOME"
"/home/hyun02063185/dify/web/app/components/base/markdown","markdown",,,"2026-06-04 22:03:04","WSL_HOME"
"/home/hyun02063185/dify/web/app/components/base/mermaid","mermaid",,,"2026-06-04 22:03:04","WSL_HOME"
"/home/hyun02063185/dify/web/app/components/base/chat","chat",,,"2026-06-04 22:03:04","WSL_HOME"
"/home/hyun02063185/dify/web/app/components/base/auto-height-textarea","auto-height-textarea",,,"2026-06-04 22:03:04","WSL_HOME"
"/home/hyun02063185/dify/web/app/components/base/linked-apps-panel","linked-apps-panel",,,"2026-06-04 22:03:04","WSL_HOME"
"/home/hyun02063185/dify/web/app/components/base/node-status","node-status",,,"2026-06-04 22:03:04","WSL_HOME"
"/home/hyun02063185/dify/web/app/components/base/block-input","block-input",,,"2026-06-04 22:03:04","WSL_HOME"
"/home/hyun02063185/dify/web/app/components/base/badge","badge",,,"2026-06-04 22:03:04","WSL_HOME"
"/home/hyun02063185/dify/web/app/components/base/__tests__","__tests__",,,"2026-06-04 22:03:04","WSL_HOME"
"/home/hyun02063185/dify/web/app/components/base/video-gallery","video-gallery",,,"2026-06-04 22:03:04","WSL_HOME"
"/home/hyun02063185/dify/web/app/components/base/user-avatar-list","user-avatar-list",,,"2026-06-04 22:03:04","WSL_HOME"
"/home/hyun02063185/dify/web/app/components/base/copy-icon","copy-icon",,,"2026-06-04 22:03:04","WSL_HOME"
"/home/hyun02063185/dify/web/app/components/base/date-and-time-picker","date-and-time-picker",,,"2026-06-04 22:03:04","WSL_HOME"
"/home/hyun02063185/dify/web/app/components/base/list-empty","list-empty",,,"2026-06-04 22:03:04","WSL_HOME"
"/home/hyun02063185/dify/web/app/components/base/sort","sort",,,"2026-06-04 22:03:04","WSL_HOME"
"/home/hyun02063185/dify/web/app/components/base/copy-feedback","copy-feedback",,,"2026-06-04 22:03:04","WSL_HOME"
"/home/hyun02063185/dify/web/app/components/base/input","input",,,"2026-06-04 22:03:04","WSL_HOME"
"/home/hyun02063185/dify/web/app/components/base/agent-log-modal","agent-log-modal",,,"2026-06-04 22:03:04","WSL_HOME"
"/home/hyun02063185/dify/web/app/components/base/loading","loading",,,"2026-06-04 22:03:04","WSL_HOME"
"/home/hyun02063185/dify/web/app/components/base/tab-header","tab-header",,,"2026-06-04 22:03:04","WSL_HOME"
"/home/hyun02063185/dify/web/app/components/base/image-gallery","image-gallery",,,"2026-06-04 22:03:04","WSL_HOME"
"/home/hyun02063185/dify/web/app/components/base/audio-gallery","audio-gallery",,,"2026-06-04 22:03:04","WSL_HOME"
"/home/hyun02063185/dify/web/app/components/base/tab-slider-plain","tab-slider-plain",,,"2026-06-04 22:03:04","WSL_HOME"
"/home/hyun02063185/dify/web/app/components/base/message-log-modal","message-log-modal",,,"2026-06-04 22:03:04","WSL_HOME"
"/home/hyun02063185/dify/web/app/components/base/tag","tag",,,"2026-06-04 22:03:04","WSL_HOME"
"/home/hyun02063185/dify/web/app/components/base/infotip","infotip",,,"2026-06-04 22:03:04","WSL_HOME"
"/home/hyun02063185/dify/web/app/components/app","app",,,"2026-06-04 22:03:04","WSL_HOME"
"/home/hyun02063185/dify/web/app/components/app/create-from-dsl-modal","create-from-dsl-modal",,,"2026-06-04 22:03:04","WSL_HOME"
"/home/hyun02063185/dify/web/app/components/app/type-selector","type-selector",,,"2026-06-04 22:03:04","WSL_HOME"
"/home/hyun02063185/dify/web/app/components/app/workflow-log","workflow-log",,,"2026-06-04 22:03:04","WSL_HOME"
"/home/hyun02063185/dify/web/app/components/app/overview","overview",,,"2026-06-04 22:03:04","WSL_HOME"
"/home/hyun02063185/dify/web/app/components/app/in-site-message","in-site-message",,,"2026-06-04 22:03:04","WSL_HOME"
"/home/hyun02063185/dify/web/app/components/app/log-annotation","log-annotation",,,"2026-06-04 22:03:04","WSL_HOME"
"/home/hyun02063185/dify/web/app/components/app/text-generate","text-generate",,,"2026-06-04 22:03:04","WSL_HOME"
"/home/hyun02063185/dify/web/app/components/app/create-app-modal","create-app-modal",,,"2026-06-04 22:03:04","WSL_HOME"
"/home/hyun02063185/dify/web/app/components/app/app-access-control","app-access-control",,,"2026-06-04 22:03:04","WSL_HOME"
"/home/hyun02063185/dify/web/app/components/app/create-app-dialog","create-app-dialog",,,"2026-06-04 22:03:04","WSL_HOME"
"/home/hyun02063185/dify/web/app/components/app/configuration","configuration",,,"2026-06-04 22:03:04","WSL_HOME"
"/home/hyun02063185/dify/web/app/components/app/log","log",,,"2026-06-04 22:03:04","WSL_HOME"
"/home/hyun02063185/dify/web/app/components/app/annotation","annotation",,,"2026-06-04 22:03:04","WSL_HOME"
"/home/hyun02063185/dify/web/app/components/app/app-publisher","app-publisher",,,"2026-06-04 22:03:04","WSL_HOME"
"/home/hyun02063185/dify/web/app/components/app/__tests__","__tests__",,,"2026-06-04 22:03:04","WSL_HOME"
"/home/hyun02063185/dify/web/app/components/app/duplicate-modal","duplicate-modal",,,"2026-06-04 22:03:04","WSL_HOME"
"/home/hyun02063185/dify/web/app/components/app/switch-app-modal","switch-app-modal",,,"2026-06-04 22:03:04","WSL_HOME"
"/home/hyun02063185/dify/web/app/components/custom","custom",,,"2026-06-04 22:03:04","WSL_HOME"
"/home/hyun02063185/dify/web/app/components/custom/custom-web-app-brand","custom-web-app-brand",,,"2026-06-04 22:03:04","WSL_HOME"
"/home/hyun02063185/dify/web/app/components/custom/custom-page","custom-page",,,"2026-06-04 22:03:04","WSL_HOME"
"/home/hyun02063185/dify/web/app/components/tools","tools",,,"2026-06-04 22:03:04","WSL_HOME"
"/home/hyun02063185/dify/web/app/components/tools/setting","setting",,,"2026-06-04 22:03:04","WSL_HOME"
"/home/hyun02063185/dify/web/app/components/tools/edit-custom-collection-modal","edit-custom-collection-modal",,,"2026-06-04 22:03:04","WSL_HOME"
"/home/hyun02063185/dify/web/app/components/tools/labels","labels",,,"2026-06-04 22:03:04","WSL_HOME"
"/home/hyun02063185/dify/web/app/components/tools/utils","utils",,,"2026-06-04 22:03:04","WSL_HOME"
"/home/hyun02063185/dify/web/app/components/tools/workflow-tool","workflow-tool",,,"2026-06-04 22:03:04","WSL_HOME"
"/home/hyun02063185/dify/web/app/components/tools/mcp","mcp",,,"2026-06-04 22:03:04","WSL_HOME"
"/home/hyun02063185/dify/web/app/components/tools/provider","provider",,,"2026-06-04 22:03:04","WSL_HOME"
"/home/hyun02063185/dify/web/app/components/tools/__tests__","__tests__",,,"2026-06-04 22:03:04","WSL_HOME"
"/home/hyun02063185/dify/web/app/components/tools/marketplace","marketplace",,,"2026-06-04 22:03:04","WSL_HOME"
"/home/hyun02063185/dify/web/app/components/workflow","workflow",,,"2026-06-04 22:03:05","WSL_HOME"
"/home/hyun02063185/dify/web/app/components/workflow/plugin-dependency","plugin-dependency",,,"2026-06-04 22:03:05","WSL_HOME"
"/home/hyun02063185/dify/web/app/components/workflow/constants","constants",,,"2026-06-04 22:03:04","WSL_HOME"
"/home/hyun02063185/dify/web/app/components/workflow/nodes","nodes",,,"2026-06-04 22:03:05","WSL_HOME"
"/home/hyun02063185/dify/web/app/components/workflow/operator","operator",,,"2026-06-04 22:03:05","WSL_HOME"
"/home/hyun02063185/dify/web/app/components/workflow/run","run",,,"2026-06-04 22:03:05","WSL_HOME"
"/home/hyun02063185/dify/web/app/components/workflow/note-node","note-node",,,"2026-06-04 22:03:05","WSL_HOME"
"/home/hyun02063185/dify/web/app/components/workflow/block-selector","block-selector",,,"2026-06-04 22:03:04","WSL_HOME"
"/home/hyun02063185/dify/web/app/components/workflow/node-actions-menu","node-actions-menu",,,"2026-06-04 22:03:05","WSL_HOME"
"/home/hyun02063185/dify/web/app/components/workflow/utils","utils",,,"2026-06-04 22:03:05","WSL_HOME"
"/home/hyun02063185/dify/web/app/components/workflow/shortcuts","shortcuts",,,"2026-06-04 22:03:05","WSL_HOME"
"/home/hyun02063185/dify/web/app/components/workflow/workflow-preview","workflow-preview",,,"2026-06-04 22:03:05","WSL_HOME"
"/home/hyun02063185/dify/web/app/components/workflow/hooks","hooks",,,"2026-06-04 22:03:05","WSL_HOME"
"/home/hyun02063185/dify/web/app/components/workflow/variable-inspect","variable-inspect",,,"2026-06-04 22:03:05","WSL_HOME"
"/home/hyun02063185/dify/web/app/components/workflow/collaboration","collaboration",,,"2026-06-04 22:03:04","WSL_HOME"
"/home/hyun02063185/dify/web/app/components/workflow/comment","comment",,,"2026-06-04 22:03:04","WSL_HOME"
"/home/hyun02063185/dify/web/app/components/workflow/hooks-store","hooks-store",,,"2026-06-04 22:03:05","WSL_HOME"
"/home/hyun02063185/dify/web/app/components/workflow/help-line","help-line",,,"2026-06-04 22:03:05","WSL_HOME"
"/home/hyun02063185/dify/web/app/components/workflow/workflow-generator","workflow-generator",,,"2026-06-04 22:03:05","WSL_HOME"
"/home/hyun02063185/dify/web/app/components/workflow/simple-node","simple-node",,,"2026-06-04 22:03:05","WSL_HOME"
"/home/hyun02063185/dify/web/app/components/workflow/__tests__","__tests__",,,"2026-06-04 22:03:04","WSL_HOME"
"/home/hyun02063185/dify/web/app/components/workflow/persistence","persistence",,,"2026-06-04 22:03:05","WSL_HOME"
"/home/hyun02063185/dify/web/app/components/workflow/panel","panel",,,"2026-06-04 22:03:05","WSL_HOME"
"/home/hyun02063185/dify/web/app/components/workflow/header","header",,,"2026-06-04 22:03:04","WSL_HOME"
"/home/hyun02063185/dify/web/app/components/workflow/datasets-detail-store","datasets-detail-store",,,"2026-06-04 22:03:04","WSL_HOME"
"/home/hyun02063185/dify/web/app/components/workflow/store","store",,,"2026-06-04 22:03:05","WSL_HOME"
"/home/hyun02063185/dify/web/app/components/billing","billing",,,"2026-06-04 22:03:04","WSL_HOME"
"/home/hyun02063185/dify/web/app/components/billing/upgrade-btn","upgrade-btn",,,"2026-06-04 22:03:04","WSL_HOME"
"/home/hyun02063185/dify/web/app/components/billing/header-billing-btn","header-billing-btn",,,"2026-06-04 22:03:04","WSL_HOME"
"/home/hyun02063185/dify/web/app/components/billing/plan-upgrade-modal","plan-upgrade-modal",,,"2026-06-04 22:03:04","WSL_HOME"
"/home/hyun02063185/dify/web/app/components/billing/billing-page","billing-page",,,"2026-06-04 22:03:04","WSL_HOME"
"/home/hyun02063185/dify/web/app/components/billing/apps-full-in-dialog","apps-full-in-dialog",,,"2026-06-04 22:03:04","WSL_HOME"
"/home/hyun02063185/dify/web/app/components/billing/priority-label","priority-label",,,"2026-06-04 22:03:04","WSL_HOME"
"/home/hyun02063185/dify/web/app/components/billing/usage-info","usage-info",,,"2026-06-04 22:03:04","WSL_HOME"
"/home/hyun02063185/dify/web/app/components/billing/utils","utils",,,"2026-06-04 22:03:04","WSL_HOME"
"/home/hyun02063185/dify/web/app/components/billing/hooks","hooks",,,"2026-06-04 22:03:04","WSL_HOME"
"/home/hyun02063185/dify/web/app/components/billing/plan","plan",,,"2026-06-04 22:03:04","WSL_HOME"
"/home/hyun02063185/dify/web/app/components/billing/pricing","pricing",,,"2026-06-04 22:03:04","WSL_HOME"
"/home/hyun02063185/dify/web/app/components/billing/__tests__","__tests__",,,"2026-06-04 22:03:04","WSL_HOME"
"/home/hyun02063185/dify/web/app/components/billing/vector-space-full","vector-space-full",,,"2026-06-04 22:03:04","WSL_HOME"
"/home/hyun02063185/dify/web/app/components/billing/partner-stack","partner-stack",,,"2026-06-04 22:03:04","WSL_HOME"
"/home/hyun02063185/dify/web/app/components/billing/annotation-full","annotation-full",,,"2026-06-04 22:03:04","WSL_HOME"
"/home/hyun02063185/dify/web/app/components/billing/trigger-events-limit-modal","trigger-events-limit-modal",,,"2026-06-04 22:03:04","WSL_HOME"
"/home/hyun02063185/dify/web/app/components/apps","apps",,,"2026-06-04 22:03:04","WSL_HOME"
"/home/hyun02063185/dify/web/app/components/apps/hooks","hooks",,,"2026-06-04 22:03:04","WSL_HOME"
"/home/hyun02063185/dify/web/app/components/apps/__tests__","__tests__",,,"2026-06-04 22:03:04","WSL_HOME"
"/home/hyun02063185/dify/web/app/components/explore","explore",,,"2026-06-04 22:03:04","WSL_HOME"
"/home/hyun02063185/dify/web/app/components/explore/installed-app","installed-app",,,"2026-06-04 22:03:04","WSL_HOME"
"/home/hyun02063185/dify/web/app/components/explore/banner","banner",,,"2026-06-04 22:03:04","WSL_HOME"
"/home/hyun02063185/dify/web/app/components/explore/app-card","app-card",,,"2026-06-04 22:03:04","WSL_HOME"
"/home/hyun02063185/dify/web/app/components/explore/create-app-modal","create-app-modal",,,"2026-06-04 22:03:04","WSL_HOME"
"/home/hyun02063185/dify/web/app/components/explore/try-app","try-app",,,"2026-06-04 22:03:04","WSL_HOME"
"/home/hyun02063185/dify/web/app/components/explore/app-list","app-list",,,"2026-06-04 22:03:04","WSL_HOME"
"/home/hyun02063185/dify/web/app/components/explore/__tests__","__tests__",,,"2026-06-04 22:03:04","WSL_HOME"
"/home/hyun02063185/dify/web/app/components/explore/sidebar","sidebar",,,"2026-06-04 22:03:04","WSL_HOME"
"/home/hyun02063185/dify/web/app/components/explore/item-operation","item-operation",,,"2026-06-04 22:03:04","WSL_HOME"
"/home/hyun02063185/dify/web/app/components/plugins","plugins",,,"2026-06-04 22:03:04","WSL_HOME"
"/home/hyun02063185/dify/web/app/components/plugins/install-plugin","install-plugin",,,"2026-06-04 22:03:04","WSL_HOME"
"/home/hyun02063185/dify/web/app/components/plugins/plugin-mutation-model","plugin-mutation-model",,,"2026-06-04 22:03:04","WSL_HOME"
"/home/hyun02063185/dify/web/app/components/plugins/plugin-detail-panel","plugin-detail-panel",,,"2026-06-04 22:03:04","WSL_HOME"
"/home/hyun02063185/dify/web/app/components/plugins/plugin-page","plugin-page",,,"2026-06-04 22:03:04","WSL_HOME"
"/home/hyun02063185/dify/web/app/components/plugins/plugin-item","plugin-item",,,"2026-06-04 22:03:04","WSL_HOME"
"/home/hyun02063185/dify/web/app/components/plugins/plugin-auth","plugin-auth",,,"2026-06-04 22:03:04","WSL_HOME"
"/home/hyun02063185/dify/web/app/components/plugins/base","base",,,"2026-06-04 22:03:04","WSL_HOME"
"/home/hyun02063185/dify/web/app/components/plugins/readme-panel","readme-panel",,,"2026-06-04 22:03:04","WSL_HOME"
"/home/hyun02063185/dify/web/app/components/plugins/__tests__","__tests__",,,"2026-06-04 22:03:04","WSL_HOME"
"/home/hyun02063185/dify/web/app/components/plugins/card","card",,,"2026-06-04 22:03:04","WSL_HOME"
"/home/hyun02063185/dify/web/app/components/plugins/reference-setting-modal","reference-setting-modal",,,"2026-06-04 22:03:04","WSL_HOME"
"/home/hyun02063185/dify/web/app/components/plugins/update-plugin","update-plugin",,,"2026-06-04 22:03:04","WSL_HOME"
"/home/hyun02063185/dify/web/app/components/plugins/marketplace","marketplace",,,"2026-06-04 22:03:04","WSL_HOME"
"/home/hyun02063185/dify/web/app/components/provider","provider",,,"2026-06-04 22:03:04","WSL_HOME"
"/home/hyun02063185/dify/web/app/components/share","share",,,"2026-06-04 22:03:04","WSL_HOME"
"/home/hyun02063185/dify/web/app/components/share/text-generation","text-generation",,,"2026-06-04 22:03:04","WSL_HOME"
"/home/hyun02063185/dify/web/app/components/share/__tests__","__tests__",,,"2026-06-04 22:03:04","WSL_HOME"
"/home/hyun02063185/dify/web/app/components/__tests__","__tests__",,,"2026-06-04 22:03:04","WSL_HOME"
"/home/hyun02063185/dify/web/app/components/rag-pipeline","rag-pipeline",,,"2026-06-04 22:03:04","WSL_HOME"
"/home/hyun02063185/dify/web/app/components/rag-pipeline/utils","utils",,,"2026-06-04 22:03:04","WSL_HOME"
"/home/hyun02063185/dify/web/app/components/rag-pipeline/hooks","hooks",,,"2026-06-04 22:03:04","WSL_HOME"
"/home/hyun02063185/dify/web/app/components/rag-pipeline/__tests__","__tests__",,,"2026-06-04 22:03:04","WSL_HOME"
"/home/hyun02063185/dify/web/app/components/rag-pipeline/components","components",,,"2026-06-04 22:03:04","WSL_HOME"
"/home/hyun02063185/dify/web/app/components/rag-pipeline/store","store",,,"2026-06-04 22:03:04","WSL_HOME"
"/home/hyun02063185/dify/web/app/components/header","header",,,"2026-06-04 22:03:04","WSL_HOME"
"/home/hyun02063185/dify/web/app/components/header/account-dropdown","account-dropdown",,,"2026-06-04 22:03:04","WSL_HOME"
"/home/hyun02063185/dify/web/app/components/header/dataset-nav","dataset-nav",,,"2026-06-04 22:03:04","WSL_HOME"
"/home/hyun02063185/dify/web/app/components/header/env-nav","env-nav",,,"2026-06-04 22:03:04","WSL_HOME"
"/home/hyun02063185/dify/web/app/components/header/account-about","account-about",,,"2026-06-04 22:03:04","WSL_HOME"
"/home/hyun02063185/dify/web/app/components/header/assets","assets",,,"2026-06-04 22:03:04","WSL_HOME"
"/home/hyun02063185/dify/web/app/components/header/utils","utils",,,"2026-06-04 22:03:04","WSL_HOME"
"/home/hyun02063185/dify/web/app/components/header/license-env","license-env",,,"2026-06-04 22:03:04","WSL_HOME"
"/home/hyun02063185/dify/web/app/components/header/tools-nav","tools-nav",,,"2026-06-04 22:03:04","WSL_HOME"
"/home/hyun02063185/dify/web/app/components/header/app-nav","app-nav",,,"2026-06-04 22:03:04","WSL_HOME"
"/home/hyun02063185/dify/web/app/components/header/account-setting","account-setting",,,"2026-06-04 22:03:04","WSL_HOME"
"/home/hyun02063185/dify/web/app/components/header/app-back","app-back",,,"2026-06-04 22:03:04","WSL_HOME"
"/home/hyun02063185/dify/web/app/components/header/plugins-nav","plugins-nav",,,"2026-06-04 22:03:04","WSL_HOME"
"/home/hyun02063185/dify/web/app/components/header/plan-badge","plan-badge",,,"2026-06-04 22:03:04","WSL_HOME"
"/home/hyun02063185/dify/web/app/components/header/__tests__","__tests__",,,"2026-06-04 22:03:04","WSL_HOME"
"/home/hyun02063185/dify/web/app/components/header/github-star","github-star",,,"2026-06-04 22:03:04","WSL_HOME"
"/home/hyun02063185/dify/web/app/components/header/nav","nav",,,"2026-06-04 22:03:04","WSL_HOME"
"/home/hyun02063185/dify/web/app/components/header/explore-nav","explore-nav",,,"2026-06-04 22:03:04","WSL_HOME"
"/home/hyun02063185/dify/web/app/styles","styles",,,"2026-06-04 22:03:05","WSL_HOME"
"/home/hyun02063185/dify/web/app/styles/plugins","plugins",,,"2026-06-04 22:03:05","WSL_HOME"
"/home/hyun02063185/dify/web/app/auth","auth",,,"2026-06-04 22:03:04","WSL_HOME"
"/home/hyun02063185/dify/web/app/auth/refresh","refresh",,,"2026-06-04 22:03:04","WSL_HOME"
"/home/hyun02063185/dify/web/app/auth/refresh/__tests__","__tests__",,,"2026-06-04 22:03:04","WSL_HOME"
"/home/hyun02063185/dify/web/app/(shareLayout)","(shareLayout)",,,"2026-06-04 22:03:04","WSL_HOME"
"/home/hyun02063185/dify/web/app/(shareLayout)/completion","completion",,,"2026-06-04 22:03:04","WSL_HOME"
"/home/hyun02063185/dify/web/app/(shareLayout)/completion/[token]","[token]",,,"2026-06-04 22:03:04","WSL_HOME"
"/home/hyun02063185/dify/web/app/(shareLayout)/chatbot","chatbot",,,"2026-06-04 22:03:04","WSL_HOME"
"/home/hyun02063185/dify/web/app/(shareLayout)/chatbot/[token]","[token]",,,"2026-06-04 22:03:04","WSL_HOME"
"/home/hyun02063185/dify/web/app/(shareLayout)/workflow","workflow",,,"2026-06-04 22:03:04","WSL_HOME"
"/home/hyun02063185/dify/web/app/(shareLayout)/workflow/[token]","[token]",,,"2026-06-04 22:03:04","WSL_HOME"
"/home/hyun02063185/dify/web/app/(shareLayout)/chat","chat",,,"2026-06-04 22:03:04","WSL_HOME"
"/home/hyun02063185/dify/web/app/(shareLayout)/chat/[token]","[token]",,,"2026-06-04 22:03:04","WSL_HOME"
"/home/hyun02063185/dify/web/app/(shareLayout)/webapp-signin","webapp-signin",,,"2026-06-04 22:03:04","WSL_HOME"
"/home/hyun02063185/dify/web/app/(shareLayout)/webapp-signin/check-code","check-code",,,"2026-06-04 22:03:04","WSL_HOME"
"/home/hyun02063185/dify/web/app/(shareLayout)/webapp-signin/components","components",,,"2026-06-04 22:03:04","WSL_HOME"
"/home/hyun02063185/dify/web/app/(shareLayout)/components","components",,,"2026-06-04 22:03:04","WSL_HOME"
"/home/hyun02063185/dify/web/app/(shareLayout)/webapp-reset-password","webapp-reset-password",,,"2026-06-04 22:03:04","WSL_HOME"
"/home/hyun02063185/dify/web/app/(shareLayout)/webapp-reset-password/check-code","check-code",,,"2026-06-04 22:03:04","WSL_HOME"
"/home/hyun02063185/dify/web/app/(shareLayout)/webapp-reset-password/set-password","set-password",,,"2026-06-04 22:03:04","WSL_HOME"
"/home/hyun02063185/dify/web/app/reset-password","reset-password",,,"2026-06-04 22:03:05","WSL_HOME"
"/home/hyun02063185/dify/web/app/reset-password/check-code","check-code",,,"2026-06-04 22:03:05","WSL_HOME"
"/home/hyun02063185/dify/web/app/reset-password/set-password","set-password",,,"2026-06-04 22:03:05","WSL_HOME"
"/home/hyun02063185/dify/web/app/oauth-callback","oauth-callback",,,"2026-06-04 22:03:05","WSL_HOME"
"/home/hyun02063185/dify/web/app/signup","signup",,,"2026-06-04 22:03:05","WSL_HOME"
"/home/hyun02063185/dify/web/app/signup/check-code","check-code",,,"2026-06-04 22:03:05","WSL_HOME"
"/home/hyun02063185/dify/web/app/signup/components","components",,,"2026-06-04 22:03:05","WSL_HOME"
"/home/hyun02063185/dify/web/app/signup/set-password","set-password",,,"2026-06-04 22:03:05","WSL_HOME"
"/home/hyun02063185/dify/web/app/signup/set-password/__tests__","__tests__",,,"2026-06-04 22:03:05","WSL_HOME"
"/home/hyun02063185/dify/web/docker","docker",,,"2026-06-04 22:03:05","WSL_HOME"
"/home/hyun02063185/dify/web/hooks","hooks",,,"2026-06-04 22:03:05","WSL_HOME"
"/home/hyun02063185/dify/web/hooks/use-local-storage","use-local-storage",,,"2026-06-04 22:03:05","WSL_HOME"
"/home/hyun02063185/dify/web/hooks/use-local-storage/__tests__","__tests__",,,"2026-06-04 22:03:05","WSL_HOME"
"/home/hyun02063185/dify/web/types","types",,,"2026-06-04 22:03:05","WSL_HOME"
"/home/hyun02063185/dify/web/docs","docs",,,"2026-06-04 22:03:05","WSL_HOME"
"/home/hyun02063185/dify/web/plugins","plugins",,,"2026-06-04 22:03:05","WSL_HOME"
"/home/hyun02063185/dify/web/plugins/eslint","eslint",,,"2026-06-04 22:03:05","WSL_HOME"
"/home/hyun02063185/dify/web/plugins/eslint/rules","rules",,,"2026-06-04 22:03:05","WSL_HOME"
"/home/hyun02063185/dify/web/plugins/vite","vite",,,"2026-06-04 22:03:05","WSL_HOME"
"/home/hyun02063185/dify/web/scripts","scripts",,,"2026-06-04 22:03:05","WSL_HOME"
"/home/hyun02063185/dify/web/__tests__","__tests__",,,"2026-06-04 22:03:04","WSL_HOME"
"/home/hyun02063185/dify/web/__tests__/datasets","datasets",,,"2026-06-04 22:03:04","WSL_HOME"
"/home/hyun02063185/dify/web/__tests__/app-sidebar","app-sidebar",,,"2026-06-04 22:03:04","WSL_HOME"
"/home/hyun02063185/dify/web/__tests__/develop","develop",,,"2026-06-04 22:03:04","WSL_HOME"
"/home/hyun02063185/dify/web/__tests__/goto-anything","goto-anything",,,"2026-06-04 22:03:04","WSL_HOME"
"/home/hyun02063185/dify/web/__tests__/utils","utils",,,"2026-06-04 22:03:04","WSL_HOME"
"/home/hyun02063185/dify/web/__tests__/base","base",,,"2026-06-04 22:03:04","WSL_HOME"
"/home/hyun02063185/dify/web/__tests__/app","app",,,"2026-06-04 22:03:04","WSL_HOME"
"/home/hyun02063185/dify/web/__tests__/custom","custom",,,"2026-06-04 22:03:04","WSL_HOME"
"/home/hyun02063185/dify/web/__tests__/tools","tools",,,"2026-06-04 22:03:04","WSL_HOME"
"/home/hyun02063185/dify/web/__tests__/workflow","workflow",,,"2026-06-04 22:03:04","WSL_HOME"
"/home/hyun02063185/dify/web/__tests__/workflow/workflow-generator","workflow-generator",,,"2026-06-04 22:03:04","WSL_HOME"
"/home/hyun02063185/dify/web/__tests__/billing","billing",,,"2026-06-04 22:03:04","WSL_HOME"
"/home/hyun02063185/dify/web/__tests__/apps","apps",,,"2026-06-04 22:03:04","WSL_HOME"
"/home/hyun02063185/dify/web/__tests__/explore","explore",,,"2026-06-04 22:03:04","WSL_HOME"
"/home/hyun02063185/dify/web/__tests__/plugins","plugins",,,"2026-06-04 22:03:04","WSL_HOME"
"/home/hyun02063185/dify/web/__tests__/share","share",,,"2026-06-04 22:03:04","WSL_HOME"
"/home/hyun02063185/dify/web/__tests__/rag-pipeline","rag-pipeline",,,"2026-06-04 22:03:04","WSL_HOME"
"/home/hyun02063185/dify/web/__tests__/header","header",,,"2026-06-04 22:03:04","WSL_HOME"
"/home/hyun02063185/dify/web/themes","themes",,,"2026-06-04 22:03:05","WSL_HOME"
"/home/hyun02063185/dify/web/service","service",,,"2026-06-04 22:03:05","WSL_HOME"
"/home/hyun02063185/dify/web/service/__tests__","__tests__",,,"2026-06-04 22:03:05","WSL_HOME"
"/home/hyun02063185/dify/web/service/knowledge","knowledge",,,"2026-06-04 22:03:05","WSL_HOME"
"/home/hyun02063185/dify/web/models","models",,,"2026-06-04 22:03:05","WSL_HOME"
"/home/hyun02063185/dify/web/context","context",,,"2026-06-04 22:03:05","WSL_HOME"
"/home/hyun02063185/dify/web/context/hooks","hooks",,,"2026-06-04 22:03:05","WSL_HOME"
"/home/hyun02063185/dify/web/__mocks__","__mocks__",,,"2026-06-04 22:03:04","WSL_HOME"
"/home/hyun02063185/dify/web/__mocks__/@tanstack","@tanstack",,,"2026-06-04 22:03:04","WSL_HOME"
"/home/hyun02063185/dify/web/__mocks__/__tests__","__tests__",,,"2026-06-04 22:03:04","WSL_HOME"
